,PredictData,TrueData
0,11.007578029841186,1.0725425
1,5.268400561705233,-13.147
2,6.90050897909701,10.32955
3,9.17321983961761,4.96035
4,6.356478989824653,3.34005
5,9.388402764320373,2.04412
6,6.995496614485978,13.9725
7,4.8620154695063835,-0.11505
8,8.279856378018858,1.07455
9,3.58926417838037,-1.6544044999999998
10,4.273658532038331,1.5394299999999999
11,-0.35662200787663423,-0.63355
12,6.491236528456211,10.9715
13,2.170901463821531,3.8041
14,10.32386077557504,1.1247200000000002
15,1.757439114764333,-5.044175
16,8.245565998464825,13.132
17,-0.2746653071045877,-4.6704305
18,1.9020192069709303,1.713
19,0.19897217482328422,-5.68925
20,8.025704261615873,-4.82435
21,8.459761870920657,13.8145
22,3.947043866008519,2.819865
23,8.073778318434952,16.777
24,2.0439591650366786,0.36816
25,8.437648210674526,22.7575
26,9.577206487104297,3.8104
27,0.9860236520767209,-5.64205
28,8.811307447254658,14.605
29,11.366678707018496,12.908
30,10.757089998975397,8.5494
31,8.11979340271652,2.930195
32,0.26051442117988977,0.14906
33,0.5178822984546425,-5.5226
34,0.11415394501388043,-2.18105
35,5.252353121623399,13.825
36,7.977299957409501,17.473
37,8.516798731133344,4.00855
38,0.05441422210633817,4.04225
39,1.9503035889416935,8.72145
40,8.37596390259266,4.8758
41,1.4480674212574964,1.60015
42,5.931166478931905,3.7404415
43,6.468890403568745,5.8660000000000005
44,-0.2953362106084825,0.42441999999999996
45,5.0876869774311775,1.03411
46,14.552062354028225,19.935
47,-2.3038141071051363,3.25184785
48,5.736226427599787,4.8606
49,6.629206138044596,13.7425
50,3.4748030168861153,3.13165
51,5.777713986247777,2.478745
52,9.412097553119063,19.2935
53,-1.581343521162868,4.26126125
54,2.4714690202772616,-1.24995
55,3.914982195079327,-0.82795
56,7.277906099513173,-0.34135
57,1.0019843791574239,-3.925325
58,-0.9625964442342525,0.4771
59,6.811006402269006,6.3015
60,10.28769407427311,14.356
61,7.276398769259453,3.5492
62,0.2264122272878879,-4.45585
63,0.9846768331229683,-0.38475
64,4.544278738826515,0.0264
65,-2.1889562797546382,-2.8475
66,4.572715068325399,0.2987805
67,16.905401545941828,10.6376
68,9.986442038595678,24.3955
69,9.019023829072713,10.05985
70,10.980296643719077,20.5175
71,1.7616622224152092,-10.4865
72,0.6936643114089964,-2.171375
73,-2.127105925500393,-1.9839
74,2.0582594303935764,-2.86061
75,7.805519657209517,3.38384
76,2.403755391180516,10.775
77,6.348829796150328,-0.29225
78,7.134650686770678,4.6986
79,-1.2818774043172603,0.512
80,-2.183275655701756,1.13335
81,-2.563504785835743,-0.42361000000000004
82,4.598005745336414,3.295
83,4.656522261440754,0.533265
84,-1.684705418512225,-5.172000000000001
85,6.644430727094411,4.82185
86,10.126101629227401,24.7325
87,14.833163764208555,15.60875
88,16.15897234228253,16.544
89,3.3341674437522872,3.162295
90,2.352917588070035,-1.9605
91,14.822184422299268,11.795
92,1.044957128569484,-3.3128
93,8.512298879861833,5.04695
94,3.3165462549477827,-0.16972
95,-1.0723105301558977,-1.86923
96,6.463881344035267,4.388915
97,-1.1808419983386997,10.0935
98,10.88647133153677,18.0865
99,3.833058703541754,2.458071
100,6.10942995968461,8.7245
101,4.349727973520755,6.4989
102,4.028605745881796,3.6441105000000005
103,6.304144926205277,3.108865
104,2.700396878138184,1.37605
105,2.6428895537704236,3.07695
106,2.63811480383575,-2.72085
107,-1.2302757888138292,3.3687572999999995
108,3.293500891178846,15.07885
109,11.250488820374011,18.357
110,5.826492816820741,5.12015
111,0.3539855015277862,0.31459000000000004
112,1.2592452488988641,1.164816667
113,-1.2607600211054084,-1.5681100000000001
114,5.52898050993681,6.7425
115,1.6591342458426954,1.0687799999999998
116,0.47771572935581297,5.53394
117,11.620009817346931,8.0962
118,8.082534486591817,6.34355
119,15.615859296873213,15.7
120,5.116309647634624,3.513385
121,13.786122725114227,25.639
122,3.0036636073738325,14.513
123,11.097392404481768,5.79875
124,1.2870579827725894,7.45825
125,0.30950911177694884,1.81233335
126,11.081413227826358,28.296
127,0.14640380160510524,-0.4537
128,12.518889701783658,25.964000000000002
129,-0.1683883769512171,-2.0655
130,-0.39599709022045104,-4.6422
131,-1.5391198244839899,-0.0218555
132,-0.5299797467142344,8.26475
133,-0.3985449764877558,-1.25125
134,8.514230550333858,17.6545
135,10.423543827727437,20.9515
136,6.128510509848594,8.93605
137,11.91377870552242,24.5045
138,-0.2687928074747319,-4.05585
139,1.8593637902438633,0.40625
140,0.492263219013811,1.9664700000000002
141,3.567602532714604,0.0953
142,7.778236426129938,6.54455
143,-3.9817106790095576,-1.07508135
144,0.6798917038887744,-0.50621785
145,8.280959662586449,3.94965
146,10.929017895773052,24.283
147,-1.5317270798981184,-0.68221
148,-1.8244055982083083,-2.1634
149,9.248093748658897,5.01545
150,1.98581717529893,3.4873
151,1.0368522303998464,10.29315
152,0.2563872513175003,10.141378699999999
153,2.863090762794018,-0.384155
154,12.710676720798014,21.0745
155,5.106583031848073,5.81805
156,5.863246214598417,0.9247755
157,-0.3636789702028036,0.16205
158,12.872189832672477,24.4585
159,13.536249065086247,23.7185
160,2.7814698442816734,5.99355
161,8.276627702444793,4.9408
162,-0.37606970457732736,-4.77745
163,4.740357128918172,0.339217
164,0.28879023937881065,-5.3353
165,1.3008435049951075,-8.26255
166,1.6771742399930947,10.68755
167,2.1220580597370855,-8.01635
168,-1.564679865285754,-5.66875
169,9.487820142596961,6.40105
170,0.6989962384998805,-1.071025
171,8.250794607937335,6.3172
172,0.8167709436118606,-1.058117
173,1.1106615989804265,-5.70965
174,2.416155350342393,1.3242066670000001
175,8.682920546770097,15.427
176,8.508337756171821,16.2375
177,16.18333685064316,34.0845
178,-0.8023231437802316,1.192135
179,-0.40876973079144996,-1.376655
180,2.0401050488799815,-1.4199
181,23.511467335969215,19.5205
182,6.209332561776042,12.923
183,6.399684203878044,3.16616717
184,12.556021315842868,30.568
185,3.0318434877842666,2.7956
186,3.6141342050880194,5.6302
187,2.5829062964767218,1.2004
188,1.4881583471000202,-4.35805
189,-1.639158953428268,-1.372529
190,13.43718222872913,14.909
191,4.06372635629773,15.167
192,15.655774951756,14.796
193,15.676634040921927,28.552
194,18.197270286381247,30.605
195,3.226521555155516,-0.55242
196,16.983546564579008,22.5875
197,3.0250983232706776,-0.87365
198,3.9376530324816716,14.9685
199,-1.123266410544515,-2.5269833999999998
200,4.04884308438003,1.25241
201,6.252567295148969,2.598695
202,13.6239989323169,9.8552
203,16.778833773523573,11.8514
204,5.095492992490529,1.34554
205,6.732138160303235,4.1543
206,1.7092857247740039,0.1475855
207,13.152178733497857,10.1309
208,-0.6643055652976031,3.60811655
209,2.8844000215828434,4.11345
210,13.16545689241588,19.668
211,2.5345960851013665,11.584845
212,14.151595885396004,8.57865
213,3.5334062459915874,2.35541835
214,12.386419910416008,8.4529
215,3.6300580330193046,-0.17625
216,-1.8422906159311534,0.45198235
217,6.540559621483089,8.2814
218,2.938669445589186,1.62192
219,0.7663039769530293,6.71223105
220,-4.314994866296649,0.769245
221,17.383957684487108,18.463
222,16.025659405350687,13.53
223,6.199762767374514,10.23306571
224,16.837411173224453,11.31
225,3.6277795105427497,-0.25705
226,0.14414557366073133,-2.740645
227,4.787752241387965,7.2381
228,2.7263277553915977,12.755
229,-1.1002081320732824,-1.69165
230,0.3181435127407308,-3.60535
231,12.450113377183675,6.58375
232,1.2285248620510103,-1.6271
233,-1.0040950726270683,5.63124065
234,10.549995367825032,14.582
235,9.97067687700689,5.89995
236,3.130528417944907,4.02615
237,-0.3255805984288447,-3.6122
238,1.977697517469526,12.818
239,11.326722463071347,4.78875
240,3.953266907557845,7.03865
241,19.754709585011007,19.6475
242,0.7273550797849886,24.0075
243,9.888345649868251,9.1101
244,2.088024129271508,-0.1765
245,9.430759297937156,19.291
246,0.692564716756344,0.16635999999999998
247,5.705542939901351,4.6908
248,9.560775295868515,11.53945
249,1.45276283802092,-8.30135
250,7.592511937364938,-1.8942
251,11.227923145547509,3.2043
252,22.37099949550629,23.0045
253,13.609789069876074,19.3345
254,3.8673084940314286,1.8913
255,2.408829024225474,-2.958735
256,9.39448189918697,11.5545
257,4.614204471930863,5.1906
258,0.2268310326337808,-3.13774
259,4.690476858735083,9.3802
260,4.460543499052525,9.18545
261,7.398180721998214,8.70105
262,-1.705261934652924,-0.32910265
263,-1.9865958094745881,1.2822
264,0.4809591645896436,0.764695
265,17.466331345647575,22.5755
266,13.668493771642447,13.732999999999999
267,1.951436392828823,7.4257
268,8.564979795485735,4.5879
269,3.9236092162132277,1.48595
270,3.904414278686046,10.036615
271,-0.49900844565033964,-0.870525
272,5.668913154274227,9.14165
273,3.1555460412502274,11.6103
274,7.401103134632111,4.21035
275,0.4269277400970459,9.54573245
276,8.09195114952326,6.18245
277,1.3895785795152182,1.5950464
278,3.2875785776972766,3.5779
279,3.928974352538587,1.6077
280,1.766088275387883,0.86567
281,11.930484795421362,15.2913
282,15.254112950682641,8.2452
283,1.171456637561322,12.0019509
284,29.87351167106629,31.956
285,8.141191219463943,7.322
286,7.895782356515527,6.29975
287,1.7426554705500603,10.569
288,2.833287319809198,4.35395
289,5.057986852064728,14.7805
290,10.728030073851349,7.1432
291,4.573233501374721,2.70155
292,1.1855336630642412,-0.58949
293,4.797882902860641,0.23185
294,8.227596112698317,5.8897
295,5.525897586002946,11.3745
296,-2.459438114732503,-2.2025588
297,0.2570735754966744,5.0156278
298,14.452945703819394,12.9325
299,11.175555872693659,11.4415
300,10.061356536701323,16.2425
301,2.646092399939894,4.27955
302,2.767049656689167,2.771855
303,0.5002647995650769,-1.7069999999999999
304,16.37577329468727,21.9815
305,3.048354012191295,3.19755
306,15.723610348045826,14.0735
307,16.70419786399603,12.77445
308,10.579970391854642,27.118000000000002
309,4.675552997753025,7.5985
310,11.051185444623231,23.528000000000002
311,16.652162683486942,12.4554
312,13.99482246926427,17.9395
313,4.166837339431046,-6.1065
314,8.044651974841953,7.34395
315,17.20659823289514,16.76
316,-1.6532876377403731,-2.34879085
317,15.717689879521727,14.1705
318,2.291816286548972,-0.921085
319,3.550532986193895,-6.4371667
320,2.4841955369114874,9.26513125
321,2.0529164335578685,-6.377631299999999
322,5.397508840560912,0.8619
323,0.9314092210233209,1.712325
324,4.74922768443823,-11.82033335
325,3.5016268535554413,17.2986375
326,15.876972437813878,24.409000000000002
327,18.337966743111608,14.26
328,0.840866088181734,-1.009755
329,15.755074252754449,9.1791
330,13.256787822097541,15.2695
331,18.055994513005018,16.617
332,-0.1576138253211976,3.9839
333,3.922422908559442,5.71395
334,14.48784307438135,16.439
335,5.412144888177513,2.62228
336,2.462707317247986,1.76888
337,-1.2022951638102537,-2.4146
338,17.235364809781316,13.50785
339,16.97683829921484,11.507
340,0.8669759263098236,1.6779
341,19.661487573921683,26.8085
342,2.25468098257482,-2.9116
343,4.259730948090555,5.42005
344,23.549240995228296,21.3395
345,2.008663283661008,1.17919735
346,12.693433748275043,12.38325
347,6.504990686401724,-0.67795
348,16.380511145472525,12.35
349,-1.1151172333955763,-1.7145343000000002
350,2.6517121403962367,6.1197
351,2.794716638922692,-0.868533
352,1.7521570015251644,0.85837755
353,16.190886416614056,18.6375
354,1.9447890110611912,4.0702
355,5.503018268406391,4.6765
356,1.2381426253467804,9.0835941
357,11.284365929454564,15.759
358,8.925373787850143,7.73675
359,4.5800635339319715,15.926079999999999
360,15.887933330148458,8.1664
361,3.2267171206474305,8.538725
362,3.854816286996007,12.0615
363,2.7937849353998896,-0.7017
364,19.364080429613594,18.747
365,5.084225837215781,6.85945
366,1.8111808809339998,1.01748
367,5.895525590509175,12.84
368,3.7532624479681242,9.0498
369,0.1626099080294363,-1.92772515
370,5.191091308802365,8.5685
371,8.285505637794733,30.104
372,3.3256068410873407,4.19665
373,4.32304988849163,9.10295
374,11.073216081783174,12.63375
375,5.123748516157269,3.0482
376,18.247541687548164,25.2405
377,2.991016423910855,15.0535
378,6.41129083132744,2.0793150000000002
379,1.8535208099335438,-0.19305
380,3.623967828407883,2.2571
381,9.621645977705716,10.5989
382,4.401301914662122,2.957825
383,1.148937086671591,5.54315
384,3.5031489434689274,6.05335
385,17.658085155427457,16.968
386,7.401614187851548,8.54435
387,2.149014733344316,2.93387
388,-1.2930615365058191,1.20547
389,8.166151649087668,2.62795
390,2.2851264707595114,-5.2731
391,6.693108085006477,4.1817
392,-0.42089663624763496,7.6091
393,14.372583046302198,14.193
394,6.598081705510618,7.4988
395,0.7854601703733213,-1.162896
396,2.7154000722914926,1.506558
397,2.0567318056076758,12.6297
398,17.53724044108391,12.21995
399,15.137175856262447,11.5155
400,1.4274795408397907,1.3595
401,5.675411094486714,19.8145
402,4.9197257391959415,-0.0997
403,1.6579959070831531,-3.5608
404,4.668289400190114,-1.03423
405,5.4178070626556885,-0.78606405
406,1.6919172951430088,8.20325
407,9.65711159516871,12.1656
408,7.80354739767313,0.0295
409,15.422417351007462,3.56885
410,3.633004430100323,-4.613169999999999
411,3.2848295910656464,1.35635
412,7.419436477020382,8.52455
413,6.6561997108012445,7.31275
414,3.0406826790273183,3.97855
415,5.704282833948733,12.55355
416,6.43465537273884,4.5565
417,15.301550497174263,11.7335
418,4.777475828275085,2.98225
419,5.17621726167202,7.054425
420,0.4058472560346118,4.711953599999999
421,0.8525243744403124,-0.7129
422,3.787901524484157,-4.85918
423,20.26785867613554,22.539
424,4.606760068535804,2.71605
425,2.7060461379140612,2.006
426,-0.3046477109640833,2.55350525
427,4.412268341869117,-2.7223
428,15.329997896417977,7.6917
429,5.206076053380967,8.74555
430,1.711654650166631,-0.5523
431,6.806739015638827,11.0507
432,1.5067536734491593,-1.553325
433,11.378768713325263,17.6885
434,2.726718886375428,-1.806705
435,1.0022223786711688,4.01815
436,10.891740530073642,2.7663450000000003
437,1.0994110483229154,-2.9555
438,6.7765536664575325,-5.09375
439,7.099275472223757,3.02054
440,18.651458226650952,13.151
441,1.9023623690605156,3.51195
442,9.087318619772793,27.6585
443,7.762698194310071,-3.35115
444,4.856161419451238,6.09647
445,6.04802608513832,1.7118
446,9.662576359197496,5.17605
447,4.1856042468249814,12.8705
448,13.864094317749144,17.757
449,10.39767014415562,7.495
450,8.726059342354537,3.6171
451,25.509283223241567,30.607
452,17.817382473379375,23.444000000000003
453,-0.28809844245016514,2.17575165
454,6.024659698769449,11.5205
455,6.4566214363873,8.9221
456,6.551607226818801,13.203
457,7.3471971672475345,-1.299325
458,3.2504746380001297,-6.3882
459,3.6242851610928764,5.9227155
460,3.2347279259860517,1.3834
461,0.7951960109472278,-2.56645
462,3.9218399019986396,1.97725
463,14.83682415983081,14.642999999999999
464,6.169188132166864,8.90015
465,17.164064583361146,19.0985
466,8.246698802351952,3.968775
467,13.31300921110809,12.833
468,1.3920213032066826,1.300215
469,5.18041085000336,6.9527
470,7.395047984212637,15.15025
471,1.8106698277145625,3.5102152
472,7.8067188795655955,8.8801
473,20.885174066066746,28.67
474,21.788749367266895,23.176
475,2.4169837362468236,-5.43005835
476,1.7279714540392153,-0.00065
477,5.577936456426977,3.3289999999999997
478,8.529958812773229,2.41735
479,5.9827256604135055,-0.80195
480,4.176497536748647,0.4384
481,4.075613417282701,2.96636875
482,7.776452352255584,5.5006
483,2.8177601577341562,0.36505
484,7.791407577514649,4.3813
485,4.073416072934867,2.53022
486,9.41068431569636,3.65355
487,1.9920014727413662,-0.6782199999999999
488,15.914043168276548,14.6705
489,20.31782012444735,12.56795
490,4.169027303948999,-3.04395
491,11.39616481731832,15.09
492,3.4329704511910695,3.522785
493,15.600667917057871,22.36
494,8.863132302612067,6.1265
495,6.125957088708878,3.78295
496,8.679865297198296,6.3286
497,4.083212797105313,4.4035
498,2.92252053284645,3.51935
499,10.146008720338346,8.8483
500,3.160990510746837,-3.0395
501,0.2919285120368009,-0.6465
502,3.2939270763546222,2.1787799999999997
503,7.331941213920713,7.4077
504,4.493315478608013,3.4267849999999997
505,17.91463018167019,24.5045
506,8.191180342137814,6.60405
507,9.412269134163855,6.30098335
508,6.877880575716494,6.0396
509,15.781709903761746,5.02045
510,3.846259374246001,-2.5115
511,7.930711091354491,4.0316
512,4.299917811721562,0.9523
513,22.063865735411646,30.336
514,18.737267198622227,13.545
515,16.994837704300878,6.36493
516,23.620902833312755,35.763000000000005
517,11.669406708672645,4.81385
518,5.671678745523094,-1.7314
519,4.047213986933231,7.3156546
520,15.607237810611727,20.5225
521,6.2313613539785155,4.2293
522,3.434309890314937,4.997
523,17.67230608761311,13.1915
524,6.122090057849883,2.8593
525,6.243259484708309,4.06055
526,1.1996549675464632,1.8328577000000001
527,11.860854255512356,22.698
528,2.783098941728472,3.43495
529,2.904519282802939,12.163
530,13.67762262120843,13.0795
531,7.3634032736718655,11.844000000000001
532,4.121737354055048,8.423990400000001
533,4.6192412058264,-0.41289209999999993
534,21.02733910894394,21.788
535,11.24358498951793,11.13945
536,0.030442689687014024,3.319775
537,3.60022322575748,14.798
538,3.00970215317607,2.019305
539,6.886321256145836,7.83753235
540,4.7367613068074,4.7555
541,20.547229516208176,17.1045
542,18.9634663643837,17.875999999999998
543,17.6925711004734,9.78435
544,3.927269611835479,7.52275
545,10.893821642100812,3.952525
546,8.28333412285149,3.54795
547,0.7435372017621997,2.52955
548,3.2742007910758257,2.25001
549,21.47082998579741,20.914
550,3.3112401572614925,1.1999
551,9.105572628989817,8.34295
552,20.682409550100566,34.736999999999995
553,15.943462860107422,13.44905
554,23.216244621306657,31.2395
555,5.44932816104591,0.767215
556,4.608809816285968,8.327387700000001
557,2.7752486476898195,-5.39915
558,4.387130796328188,2.0582
559,2.003947572365403,1.9412900000000002
560,19.04382164207101,25.666999999999998
561,7.071519932031633,4.7334
562,13.043433250248432,7.8959
563,7.554323162674903,6.98915
564,2.615049145534634,1.3554899999999999
565,2.845595031097531,2.91435
566,7.220299147441983,6.8276
567,18.91261564657092,21.2585
568,4.017524931311607,4.808
569,5.16744817881286,12.927999999999999
570,17.311963754057885,13.3815
571,6.482651941344143,8.58945
572,7.7293026191294185,12.1325
573,8.030824018597604,-0.4474
574,19.724511321127416,25.0465
575,8.580794770926238,15.4965
576,16.90956376999617,12.0041
577,1.22483125719428,-0.5985
578,14.696522523999215,9.6876
579,8.370550797373058,15.27175
580,13.855867652386427,14.7377
581,9.394542782783509,9.25515
582,12.194206706225872,18.9715
583,11.606812836557628,21.99
584,8.73999984100461,6.40038335
585,20.660546804070478,29.906
586,13.980446560651066,17.4465
587,4.354827435970305,2.51511
588,4.243163230001928,4.48725
589,9.241774769321085,10.3204
590,7.9378787511289115,7.58181665
591,4.146459784165026,7.34945
592,19.058252899408345,30.613000000000003
593,7.843213983297348,5.508645
594,6.3619068547040225,5.8209
595,5.880671837911011,4.06612125
596,12.179421217054129,6.9101
597,7.830063126444818,10.95705
598,4.978247790172697,7.10639475
599,22.439997215002776,24.121
600,6.469702184855938,-1.93477
601,5.324492803692818,3.60185
602,16.743613535404208,32.069
603,4.633111596092581,3.49375
604,7.984652112931014,6.02395
605,11.161015762865544,-2.23085
606,5.422472960099578,7.6009
607,7.3067556994855405,0.44065
608,5.288172970920803,15.636
609,6.54539341005683,1.3884100000000001
610,7.140956751406192,0.5169
611,3.8124560634642837,3.88000785
612,4.403351662412286,5.30905
613,1.300516947522759,3.3429
614,21.978990311920647,22.4355
615,6.929297695472835,17.8375
616,20.311705935388808,16.629
617,20.83668489381671,22.826
618,8.675324856862426,8.23605
619,14.318581141129135,6.864
620,3.831569822862745,-2.1052875
621,4.014113604947925,-5.3095
622,9.482857207000256,6.8968
623,4.812362129092216,2.593985
624,13.429632662758232,11.5775
625,15.388844659909607,12.4285
626,4.124342434003948,-0.4124
627,4.052588348045946,-4.3418
628,3.1372237686067823,0.0533
629,6.651865905702115,-2.1565
630,14.885184185057879,18.1245
631,20.20187930706144,19.967
632,8.206779457554221,13.6935
633,11.729738662928343,15.47395
634,17.90121734085679,20.6595
635,7.489749651193618,2.9939088
636,3.7284367002397776,1.86365
637,4.602536960884928,-4.0944
638,8.217911930933594,2.2836950000000003
639,9.890459971129895,5.22205
640,8.634990396633745,3.1574139999999997
641,4.621100922957064,2.12255
642,4.31817366589606,1.94
643,16.12701398897171,12.824000000000002
644,8.778424770250917,13.972000000000001
645,5.486869355663659,7.499
646,7.868368133455514,-0.44425
647,6.541685045540332,12.35545
648,15.043182652950287,12.0327
649,3.696041092008352,3.735
650,10.937074825048446,16.458
651,8.61968647441268,3.40415
652,17.67505876415968,21.5345
653,13.856969091996552,9.93055
654,5.139100407272577,-2.8489
655,16.12936077487469,16.9285
656,9.550635409608484,7.2966
657,5.420742389991881,3.76305
658,11.519000240772963,12.19496665
659,7.104052067115903,9.01695
660,8.36409713613987,-2.677405
661,4.843436747774481,-1.7878596000000002
662,14.565770388036965,6.2075
663,15.157998046278953,11.26
664,7.515042173162103,3.5791199999999996
665,11.241677303493022,4.9766
666,7.624381732717156,5.17355
667,7.715090911731123,17.2855
668,7.49439525410533,7.88285
669,1.8313241266012188,4.11303455
670,7.562352417588235,6.1003
671,7.2859925481081,10.9246
672,6.010553153946995,4.90545
673,7.089218609049917,1.4997
674,2.576201721027493,1.090592
675,6.171584731921554,6.50075
676,14.652581171914937,9.2534
677,6.98693047694862,4.315475
678,16.129316495895388,9.4798
679,2.9622166377902044,3.16280615
680,8.790025862827898,12.20885
681,15.656856096833943,15.7175
682,16.59173663640022,11.838
683,6.342064337104558,0.66073
684,16.864310653150085,13.04075
685,12.221150465130806,9.64195
686,5.967021382421256,4.0671
687,7.8167960372716205,11.57715
688,6.802665349543096,1.25439
689,3.425157056301833,3.49755
690,3.58051170013845,3.54725
691,21.49162265649438,20.5185
692,9.912169585689904,8.15425
693,4.671442432507872,-0.2639
694,7.617750955566764,7.5885
695,10.502581805780531,7.23375
696,13.878092010080815,11.9014
697,9.95427520509064,6.5354
698,15.672433072760702,9.21135
699,20.451173650443558,19.48
700,9.829583754420282,5.874
701,4.823192029446362,4.04396125
702,6.927487792193888,6.5889
703,14.29920724272728,11.265
704,20.838946811676024,35.045
705,10.2902936193496,6.0776
706,5.344268902823329,3.3112150000000002
707,26.622611739307644,32.6995
708,13.849509928941726,9.9693375
709,6.916897736310959,7.91045
710,13.839820212304593,18.972
711,3.41815359774232,5.4454289000000005
712,22.48401052042842,29.948
713,24.994621266990904,23.2575
714,6.97906911316514,-0.74535
715,13.44634428752959,16.842
716,15.278940543368458,9.02015
717,7.937771743595599,5.327999999999999
718,23.299522311627868,25.194000000000003
719,15.428000192314387,7.5715
720,1.7702283599525686,-1.86205
721,19.451893025398256,16.368
722,20.62721949231625,25.541999999999998
723,9.85793706083298,15.74005
724,23.97128977635503,29.197
725,6.821978364348412,7.68955
726,4.9462433129251,5.04885
727,6.5202521746009605,12.699000000000002
728,5.704690569549799,4.983805
729,13.262748879685999,11.1045
730,9.169063150435685,11.87365
731,5.780798755139111,1.05725
732,9.043915995270014,-7.0135
733,13.540492467269301,6.1798
734,9.914730386659505,4.79805
735,21.147844351112845,18.320999999999998
736,7.245610118985175,4.48605
737,4.842767028212547,0.04495
738,12.572434057503939,3.515
739,6.750781455546617,7.7727
740,5.325380228236318,1.30641945
741,8.740326398476958,9.96575
742,11.664866268336771,5.79695
743,18.391573827385905,28.3715
744,5.158057345286013,0.77730405
745,7.9492842782139785,1.32433
746,17.87686390224099,24.5005
747,12.707848400995134,13.74
748,6.313174148067832,-9.57175
749,20.308030780106783,26.555
750,11.004231276988984,13.382
751,2.8261528692692526,0.11018499999999999
752,24.359383960187436,28.899
753,8.54884748736024,5.4208
754,7.944865605071188,4.7982
755,14.465087368935349,16.5145
756,21.756134209096437,22.173000000000002
757,25.48368997320533,21.288
758,5.302165128380059,3.68795
759,4.832555188611151,5.40125
760,20.837839837193492,22.709
761,21.528850208342078,29.729
762,9.081800351977348,3.1961
763,1.6858695245534179,2.5364832
764,8.054839829996228,1.03915
765,8.49033281621337,5.9978
766,12.137577581614257,15.2215
767,8.901389340728523,18.677
768,7.214764275029301,3.075
769,4.413000789985061,3.02325
770,21.03254926884175,21.533
771,13.61338858190179,10.5363
772,7.9787205746620895,13.843
773,8.540705690041184,11.2545
774,7.493454325795176,5.6931
775,19.866587806046013,24.094
776,11.614533983573319,14.878
777,6.3245704503655436,8.39975
778,8.447769647359847,10.772
779,3.7489157281666987,6.20375895
780,12.489789187595248,9.8436
781,11.856260311409832,9.51975
782,9.846815657198428,7.544
783,6.258786646783351,6.806312963
784,13.633613005697727,14.7965
785,23.761857584089043,21.4305
786,9.16963139733672,8.1169
787,9.510734514385463,13.662
788,9.68984667557478,14.7885
789,7.377142671957612,2.167565
790,12.519836164966227,12.2445
791,25.88435200732947,36.806
792,21.721330931365493,14.520999999999999
793,10.977756137281657,19.229
794,13.178052417069674,22.58
795,13.788589433252811,10.88185
796,14.309188462644817,12.3845
797,13.59421762882173,14.6255
798,12.142712098255755,11.3456
799,20.669155375629664,23.745
800,1.0433741550594569,-0.7674
801,15.21805694682896,9.55115
802,5.445568137720228,4.039
803,4.704601853132248,1.2725799999999998
804,7.382745807796718,18.94
805,28.082205563426022,26.2295
806,26.203341464132073,26.204
807,3.87822695234418,2.10615
808,20.147737185120583,16.6985
809,6.298261356830595,7.27885
810,10.842277220278978,6.26265
811,12.085501812040805,13.557929999999999
812,25.722733732879163,41.177
813,8.567169760003685,8.3934
814,7.830908116966485,5.78895
815,5.23340909831226,3.1381
816,7.710559696182608,11.457
817,9.11732316312194,13.137
818,9.53735540573299,17.922
819,10.638924162879585,13.003
820,9.195650832548738,9.5532
821,8.324349372386932,9.34635
822,7.063767420738936,8.1468
823,9.342092486843468,9.4234
824,10.812844613745808,12.3655
825,8.520239576816559,10.08875
826,3.1697614385634676,1.9589889999999999
827,7.3054070355743175,9.89945
828,4.694332819849253,3.3842112
829,19.98724802464247,23.988000000000003
830,12.41682849945128,10.2147
831,8.7315573156178,12.54935
832,12.577688496381045,9.02375
833,17.01541267001629,15.849
834,8.562033398404717,13.6415
835,10.246099508091808,18.245
836,26.580011671304703,29.127
837,22.448377011835575,8.4712
838,21.395267907619477,22.191999999999997
839,9.459018511518837,13.6005
840,17.733842799097303,15.697000000000001
841,3.211178888827563,4.7294
842,2.4822675563544028,2.19391
843,6.230756207928062,3.238
844,14.811572226926684,16.3585
845,10.295256554946304,10.7776
846,14.824533053159714,23.1305
847,3.2447091459035864,0.65245
848,14.404218532055618,10.4414
849,13.689339946106076,10.52395
850,5.0058834081292165,4.4263
851,8.606627865433692,9.90755
852,22.167493306636814,22.2125
853,3.948934947416186,4.8466
854,19.561490878999237,18.8415
855,22.487014111191037,16.4305
856,5.056533025577666,4.43885
857,6.093447093114255,1.71619
858,6.910381346523762,-1.06825
859,14.401866211280227,10.0358
860,11.703590080693365,10.5064
861,12.133083265215157,25.448
862,6.6355915358513595,3.8916182
863,14.92398733058572,7.7992
864,11.550410641714931,13.3945
865,13.04643684101105,13.5065
866,7.403890865370633,7.8624
867,21.517632866919044,30.607
868,17.644373431503773,13.292
869,6.651452635228635,3.4414
870,11.651988465189936,8.6548
871,10.602310981869698,8.016
872,5.138528470456601,8.82799215
873,11.012989290103315,12.4465
874,17.87572371852398,17.602
875,6.33843715071678,2.1833
876,10.436775862708688,9.98235
877,24.996691309273245,30.2625
878,14.173432802021503,13.4918
879,15.902864570960402,11.1928457
880,9.358765367507933,12.4555
881,5.737195030272007,1.51183325
882,11.793374936014414,12.913
883,22.0662900095284,14.052
884,10.500437965199351,8.1002875
885,22.691697382926947,20.704
886,19.485788584053516,23.7045
887,10.075295190393925,6.3243
888,17.525045272201297,11.2665
889,9.768356995791196,16.1495
890,18.624333661913873,32.372
891,14.43339099958539,11.37795
892,25.070556026577954,22.6285
893,10.282858440741895,13.695
894,10.867641695588828,8.89748105
895,23.899989549934865,24.6335
896,20.549015435039998,28.0035
897,4.431625635653733,2.5438
898,25.574317974090576,25.6615
899,5.202454401865603,9.64871665
900,25.571428770691156,40.718
901,10.719788648828866,8.9499
902,9.88784566639364,11.794
903,7.672518518090248,3.4886
904,8.110708832129836,2.63105275
905,4.0220764413923025,1.64805
906,16.614887162745,16.8275
907,11.541767015963794,12.5425
908,19.317118882149458,12.1973
909,7.736084682792425,0.18813
910,8.62542429214716,9.0477
911,28.71481196087599,31.721999999999998
912,7.6314331601709124,16.9175
913,11.296356308057904,10.21305
914,18.00047236287594,13.622
915,17.087137236654762,14.571
916,15.588913693010808,9.55775
917,16.77466785955429,9.15305
918,12.19818627949059,9.23885
919,19.494297527909282,25.084
920,18.814700063675645,12.107000000000001
921,10.190560753345489,7.15925
922,17.34454939290881,19.3185
923,6.462890601873399,10.64875
924,6.144150214329363,1.0470107
925,13.608591692477466,13.522
926,4.818852689474822,4.3588
927,16.491640313774347,12.1975
928,20.084669158935547,34.188
929,14.628017408147455,15.8585
930,12.733089264154435,13.305
931,6.993105549603699,3.84375
932,11.08647579112649,12.1138
933,7.4046325382739315,3.566325
934,9.336913691222668,7.38855
935,5.174023607239127,6.7079125
936,20.84829336622358,17.17
937,22.467619918257,20.686999999999998
938,5.938496494963767,3.95195795
939,8.594703905299307,3.79245
940,15.775682427704334,19.9578158
941,28.5500424990654,36.998000000000005
942,14.821586656078695,12.80015
943,9.47692013385892,-0.42406499999999997
944,23.92183015647531,35.9145
945,22.38363745418191,26.819000000000003
946,3.254529854521154,3.5304341
947,17.387326576828954,13.9645
948,6.9441348434537655,-1.2782
949,10.350786084905268,3.81765
950,8.084023367270829,8.34795
951,8.401523943394421,5.8396
952,15.256197752624752,15.725999999999999
953,12.675010002970696,1.00615
954,8.377921402469278,5.66075
955,17.261673903316257,16.0816
956,6.641790592953564,11.065999999999999
957,20.534244705528025,13.911
958,23.284696233391763,19.5185
959,3.8507463108152162,4.74175
960,9.381904824107886,6.1383
961,11.630074060350656,8.16235
962,19.277979954361918,23.5695
963,11.116495094135404,15.618
964,16.324166144311427,9.58025
965,15.819612710043787,20.152
966,11.734434079691768,6.4594
967,19.385688571512702,25.205
968,10.060454352498054,7.9148
969,19.8227184073031,17.4085
970,7.659637025028468,2.9536
971,18.675531231731178,18.6495
972,14.425147729605436,27.1525
973,23.348299297243358,24.6685
974,5.552725112587213,13.908925
975,20.358368599742654,23.4555
976,9.300959160029889,10.3245
977,21.45651680573821,32.7005
978,14.639389725998045,12.324000000000002
979,24.579775199830536,20.47
980,22.721131834417584,35.5595
981,8.796023819565773,6.7576125
982,15.893385179474949,18.2785
983,9.804582735732199,14.968
984,20.086277961850172,25.204
985,13.852463705852626,12.969000000000001
986,14.382660204008223,13.714
987,5.8577297917604465,2.70595
988,13.482127237677576,10.38975
989,7.422711276531219,7.40162735
990,10.055611339136957,8.1545
991,4.923376910030841,5.585010400000001
992,20.949260508775716,33.8035
993,12.325468050450086,14.4635
994,18.352999456584456,23.175
995,6.852010582059622,-1.0403
996,6.916585938498377,5.26152935
997,5.206516998216509,7.756475
998,9.959977968633174,7.027800900000001
999,23.863359764307738,29.003
1000,25.421625603884458,24.2775
1001,7.602526366516949,5.48105715
1002,8.77496547499299,3.9858300000000004
1003,24.573299399107697,19.5485
1004,13.949859010741116,12.2966
1005,19.378976616233587,23.253
1006,25.25683769249916,34.4735
1007,21.79214408901334,22.166999999999998
1008,5.615682441323996,6.68059
1009,3.3150296999067077,5.5467749
1010,17.15256680840254,19.1777
1011,9.221493151843548,9.97515
1012,23.131166252493863,21.913
1013,13.381741256728768,20.791
1014,10.224402808234094,7.0434
1015,12.36087462927401,9.55235
1016,8.372344096034764,19.624000000000002
1017,5.882514950424431,-0.15614165
1018,10.354704774573447,14.9585
1019,17.31588982355595,11.34605
1020,26.7729056648016,29.636
1021,29.289512523144488,28.8505
1022,22.88426666390896,13.7975
1023,14.282370160847902,17.442
1024,20.904693716108802,26.0525
1025,4.7394641695022575,4.9224
1026,18.42523323148489,19.6735
1027,20.466298611789945,14.286
1028,11.659768650844695,9.1506
1029,5.754419553220272,5.13195
1030,24.57831768342853,35.188
1031,9.59826483167708,22.0515
1032,8.627937124222518,6.61165
1033,25.60688885328174,28.968000000000004
1034,14.753725430384277,11.47485
1035,10.544561968073248,10.38505
1036,11.764593599468471,15.4625
1037,3.9731370995193718,4.95235
1038,11.31151816855371,13.9445
1039,6.9814767826646555,11.59805
1040,21.256907167047267,25.961
1041,6.656430330485106,11.8835
1042,18.327184811651705,18.0625
1043,10.025200905144215,7.5266
1044,20.522359489500523,10.5755
1045,4.822618247672915,4.48525
1046,7.825120485380291,7.06155
1047,24.442340627908706,36.0705
1048,15.093461433947086,15.60566665
1049,17.973270309925077,16.587
1050,6.527958561956881,4.7812686
1051,9.280338070377708,9.38355
1052,8.763552568078042,5.77475
1053,5.480185074746609,5.2568391
1054,10.662923369660975,10.0288
1055,24.6412565625906,32.7935
1056,8.83009095926583,-1.1272799999999998
1057,5.043437517449261,3.68135
1058,23.42510487675667,35.903
1059,10.462450290873646,1.935
1060,19.679870730161667,20.355
1061,17.398359422504903,18.3855
1062,8.21323865365982,8.4334
1063,22.467697406470776,12.3785
1064,10.954402665615083,22.025
1065,21.448723705381155,27.3775
1066,9.526638047784568,13.5494375
1067,10.77633659531176,7.51275
1068,8.298477533772589,3.51655
1069,12.01357798999548,4.58385
1070,20.673074065297847,17.327
1071,29.570385158598427,27.3585
1072,7.141855245694517,12.3374
1073,13.582478164434432,15.453
1074,12.677945330306889,10.2238
1075,3.4894538241624833,6.473
1076,20.709578393816948,10.65505
1077,18.961783763170246,17.1895
1078,10.962577672168612,14.2105
1079,11.46714586609602,8.712
1080,21.70334628593922,12.5665
1081,8.364632173806429,7.08265
1082,9.0463384244293,21.671999999999997
1083,22.221373444616795,25.1255
1084,23.487981027364732,19.1235
1085,12.14815103287995,19.0775
1086,4.684100685715675,4.22231125
1087,15.281060399502516,11.8765
1088,10.22682523739338,7.72385
1089,24.528478002309804,21.059
1090,8.655779377415778,12.635
1091,13.956648454234005,14.099
1092,12.517042899355294,11.6085
1093,30.93352829605341,40.191
1094,27.60710318526626,36.308
1095,11.098896044820547,10.16995
1096,13.557397812575102,4.6053
1097,18.09696732851863,4.02855
1098,10.136057019740344,9.02075
1099,29.30344933187962,29.522
1100,15.270944497689603,7.51245
1101,15.036184729263185,16.087
1102,23.839914044767617,20.551
1103,12.760335596084596,10.7305
1104,27.613992256462573,44.1775
1105,15.078615061178803,26.627
1106,7.911220960631967,5.9280375
1107,17.097742052197454,18.061
1108,13.01901339316368,12.8535
1109,18.66247262275219,11.7954
1110,19.708393772661687,22.058000000000003
1111,5.4520439384430635,14.6917
1112,22.565793795198203,28.1795
1113,10.879593330085276,-2.17195
1114,30.48683457303047,40.816
1115,19.258382816106085,26.197
1116,20.759753857195378,37.191
1117,11.71524283207953,12.6325
1118,17.90401798629761,11.09605
1119,15.586601961299776,13.808
1120,17.592751521468166,12.8645
1121,9.277913796260952,5.58095
1122,17.546088857114313,11.2615
1123,10.535396219357848,14.402000000000001
1124,30.48700799903274,19.534000000000002
1125,15.478596305996179,16.616125
1126,18.7085227612257,23.073
1127,9.862997779175638,6.9263
1128,21.675122126549482,36.077
1129,11.703352081179618,8.6912
1130,9.73176595427096,7.65435
1131,10.708185711294414,8.0754
1132,7.884957991033792,-0.647915
1133,9.462295155987144,7.3313
1134,6.1394345030337565,4.2657
1135,29.768039142370228,37.3135
1136,13.354225561007857,12.84025
1137,21.311599086314445,27.2645
1138,18.225387438237668,14.76691665
1139,18.57781121432781,19.07
1140,30.67538184672594,25.305
1141,10.206949510559438,2.3613150000000003
1142,17.044865571081637,19.93
1143,10.185112593933939,12.789000000000001
1144,4.70813863660395,6.04205
1145,17.182233724534512,18.637999999999998
1146,7.549625900954007,12.035
1147,11.505345710530877,3.7112
1148,4.739637595504524,8.26948535
1149,14.47440255920589,22.2715
1150,12.129701458171011,15.556
1151,30.44973616820574,39.9375
1152,7.677922398522496,6.40455
1153,8.12566221243143,6.7383
1154,10.25846625801921,8.0677
1155,8.480325766891243,2.2176549999999997
1156,20.78004838937521,12.14195
1157,10.766584150120616,13.0301
1158,23.834663295805456,27.1975
1159,21.634964782238008,36.389
1160,19.67480816686154,25.989
1161,22.017431845784188,27.789
1162,14.847574727013706,14.1285
1163,9.705318488925696,10.8215
1164,27.56989039307833,37.416
1165,18.921128280341627,12.9492
1166,16.589884299099445,14.6045
1167,21.056659173071388,23.9505
1168,14.186928665921092,7.3602
1169,30.412468027293684,30.165
1170,31.45824896043539,39.4255
1171,12.369031186252831,10.362
1172,9.276697969287634,8.834
1173,17.761690587162974,17.132
1174,8.013363341093063,7.8392
1175,5.009530889049172,7.3204
1176,27.337403612256054,28.026
1177,27.862910228520633,24.1845
1178,12.840286828085782,10.0919
1179,23.782952827811243,25.538
1180,5.895224862441422,7.38015
1181,20.018176891684533,20.2955
1182,12.527745497643947,4.518695
1183,22.8453823402524,30.897
1184,8.190971861943604,7.25165
1185,17.825230922460555,20.016
1186,6.258388135969637,5.4490940000000005
1187,12.049691187530756,10.08355
1188,10.699811449334026,16.195999999999998
1189,19.368921598017216,24.956999999999997
1190,21.508024328410627,15.1505
1191,12.15055132254958,11.37315
1192,27.450861116886138,18.664
1193,19.450929957598447,13.6435
1194,6.065352080747486,3.32735
1195,25.90101566320658,30.543000000000003
1196,20.802342855453496,22.26
1197,21.096901385426527,14.1565
1198,15.626886607676743,11.7455
1199,27.37619937795401,24.6195
1200,13.68065573129058,11.887
1201,17.424410221993924,18.6745
1202,22.433964204072957,25.377
1203,9.29332841593027,9.1494
1204,16.696508081257342,15.2475
1205,18.24004009047151,23.5905
1206,13.709418618261813,9.5055
1207,11.901731133237481,16.5655
1208,23.435562095701698,35.7085
1209,13.981060931488871,10.63535
1210,10.068463312879205,20.7256
1211,21.952777156174186,22.2805
1212,18.77896323746443,23.938000000000002
1213,18.24954162144661,20.415
1214,24.097101116210226,33.09
1215,9.048779303163291,3.62103475
1216,15.848275969311596,14.6315
1217,21.82219475629926,23.6185
1218,21.67110380917788,19.2645
1219,8.405477687254548,9.2632
1220,31.19666351038218,34.394
1221,21.873089753091335,15.362
1222,6.28986311042309,5.3699
1223,15.010222487732767,13.0865
1224,6.016115700721739,5.6482
1225,22.826264890939,19.7555
1226,8.18671185514331,6.3019
1227,11.977470327332616,8.41835
1228,9.821021306797862,16.576
1229,14.079576125562193,8.1454
1230,10.86457168635726,15.807
1231,23.407448633760218,35.421
1232,21.607814388096337,28.3045
1233,14.50348093390465,13.734000000000002
1234,32.08098114550114,35.4455
1235,12.915920859605075,8.811
1236,9.387906470760703,11.2771692
1237,10.385070929586886,9.3384
1238,10.225697968378663,19.628
1239,12.187830533206464,13.372
1240,12.679347497984766,6.2682199999999995
1241,12.729541410937907,11.38685
1242,15.13899867424369,20.3885
1243,10.705527127578856,11.28025
1244,10.601394038006662,9.22195
1245,12.934136124715208,16.121
1246,13.089880054578186,15.6045
1247,7.407816934868693,7.6935
1248,5.3652386894375095,8.2007415
1249,15.27863243547082,13.50605
1250,15.305662907376886,16.285999999999998
1251,9.966927923426033,8.14375
1252,21.203303772687917,15.7405
1253,6.039978380650281,0.22945
1254,10.004959876731037,6.80285
1255,21.351107005596162,21.0545
1256,26.307540972173214,25.7925
1257,13.232170554563405,15.887
1258,14.70925088559091,15.533
1259,11.85175677022338,10.03525
1260,34.52794454923272,32.1855
1261,16.765922761142257,14.2455
1262,13.970149853006005,15.437000000000001
1263,14.280683869719505,15.876
1264,19.387075979530813,19.7405
1265,6.214937542572619,16.4105
1266,22.643772767663002,30.598000000000003
1267,10.359586532041432,24.392
1268,14.020249673128129,40.8315
1269,16.61245181888342,-1.5595
1270,5.947861499086022,7.0541
1271,17.163791529655455,14.0072
1272,17.970399556100368,13.33205
1273,13.645605229258537,13.7131
1274,27.612217407375574,18.906
1275,20.68388182616234,20.3405
1276,11.425316990315915,16.885
1277,10.655117354601623,8.0485
1278,28.5251503328681,31.7985
1279,29.013108374685054,34.172
1280,9.040965908274055,7.10825
1281,26.229912541627883,18.949
1282,27.482158975422387,29.7225
1283,18.7496800724864,18.3765
1284,25.573491433143616,22.374000000000002
1285,23.163807240068913,27.447
1286,9.709058217719198,11.093
1287,10.218537688434123,9.7303
1288,7.359431080237032,7.3148
1289,13.036879961311817,13.7815
1290,12.175386295065286,12.0115
1291,17.729721164107325,15.4325
1292,11.863994373127818,12.8651
1293,17.78091504400969,28.178
1294,10.509777139917015,9.8385
1295,7.487290322884919,7.2616
1296,7.972420044898987,9.9929
1297,20.532661732018,16.5545
1298,20.29407921171189,20.69
1299,32.05986745220423,32.1635
1300,10.235088801905514,4.24489615
1301,15.862421258240937,13.3265
1302,15.929075881749393,16.119
1303,8.375609670758246,5.4660614999999995
1304,9.1346177944541,10.1407
1305,23.90502259391546,30.7205
1306,14.380986827582122,15.2535
1307,11.710728221148253,9.55585
1308,11.860234349802136,11.33995
1309,23.124952435731892,25.0295
1310,20.332461706936364,12.3795
1311,14.572436219379307,14.2265
1312,10.720550616264342,12.7555
1313,16.084041239559653,13.754000000000001
1314,26.439097509592777,31.273000000000003
1315,20.65960218584538,14.9775
1316,18.83765133461356,17.4615
1317,13.361522367805241,9.44855
1318,10.175040971100332,4.47494855
1319,7.83318663944304,4.30944065
1320,20.175315609395504,21.7675
1321,12.325986483499408,10.77115
1322,14.722896191045644,22.6335
1323,5.727051454097031,3.45555
1324,25.50849727135897,32.4705
1325,13.41982486884296,12.30595
1326,12.74226608261466,7.1736
1327,11.11293801613152,10.4015
1328,10.628133006632327,11.173
1329,24.142077489435678,16.061
1330,19.510761928379537,19.4295
1331,28.3762917842865,34.433
1332,9.775751585334541,10.20885
1333,22.214333086907864,17.512999999999998
1334,8.808388724535705,14.513
1335,6.287667611032726,7.12265
1336,8.780004053846001,5.8095
1337,6.835442863970995,5.90272695
1338,14.506080478981138,11.4755
1339,23.649263519555333,24.9385
1340,14.789263001188635,10.537
1341,24.610873802959922,19.1235
1342,11.424440635517241,7.4224
1343,10.707809339970352,13.4535
1344,27.955958813607694,23.209
1345,19.96745163097978,15.235
1346,16.627779725551605,18.7375
1347,31.063738014519217,37.4265
1348,7.625346645474435,10.08019
1349,10.865896365821362,6.50505
1350,5.87169427485764,5.5532
1351,16.302373506665234,21.2815
1352,15.636770044848324,13.107999999999999
1353,17.144618731617925,15.7835
1354,18.99226246058941,21.2565
1355,14.86596895299852,10.8883
1356,20.475386872291566,18.9235
1357,5.872952535852791,14.587
1358,18.087351410180332,16.89335
1359,14.622661496609451,14.5985
1360,13.016900916859507,10.37665
1361,19.271301208317283,16.93
1362,17.190993582606318,18.567999999999998
1363,18.898527551323177,14.4435
1364,30.435876847684384,29.359
1365,12.104388641670345,15.0595
1366,22.376172756254675,20.7925
1367,20.70091447353363,27.491
1368,22.106941802442073,24.6405
1369,13.56523703686893,11.73775
1370,26.858696187198163,15.658
1371,12.203186114236713,15.9205
1372,32.13605681592226,35.49
1373,13.829446016445756,15.47
1374,16.460722516477105,14.16
1375,27.83708451384306,30.204
1376,13.733735157728196,15.5935
1377,17.07315245902538,23.398000000000003
1378,31.548755194127565,34.7785
1379,19.99056894809008,14.8155
1380,25.834431148082018,29.0515
1381,11.08992032672465,11.23675
1382,13.767584592446687,12.763
1383,6.586718612447383,6.3769
1384,13.377335498288273,10.74945
1385,17.998775002002716,18.4645
1386,14.470092738553882,11.5895
1387,24.140321089923383,34.988
1388,11.0197473693192,10.991
1389,10.856413284420968,6.05870665
1390,17.906165516793727,19.185
1391,20.160474771499636,15.6835
1392,24.535381833165886,34.35
1393,26.001960666269063,34.552
1394,17.48555949240923,22.573
1395,14.987341325178742,15.19625
1396,11.860418845549225,9.44265
1397,9.77647296370566,6.8978
1398,13.316278475746513,14.4705
1399,19.429443582892418,16.3995
1400,27.172117562353613,30.1235
1401,14.686290389865638,9.29295
1402,5.899761612862347,8.1619411
1403,15.144260492950677,20.3975
1404,24.696782402634625,32.3085
1405,21.90515142402053,14.375
1406,30.071778180718425,32.9555
1407,19.644683701276783,18.4435
1408,10.859815385997296,8.84075
1409,26.17575566002727,34.7615
1410,27.6295267983675,15.385
1411,15.556892611145974,13.3535
1412,13.42760874441266,7.57
1413,23.176437818914657,34.268
1414,14.98091349335015,8.19015
1415,12.014450654879214,10.7911
1416,14.31989290589094,15.8435
1417,21.31151421827078,20.9465
1418,14.5061081533432,15.2085
1419,10.214061821609734,9.8154
1420,16.16104976439476,15.282
1421,17.889608868449926,24.5535
1422,30.537799678206447,32.7355
1423,6.4887993396371595,13.6125
1424,13.365310065492986,14.283
1425,11.647641745388507,10.29899
1426,17.363641012817624,14.7185
1427,20.241675039708618,18.21
1428,24.89047341775894,23.316999999999997
1429,13.92165514588356,12.674000000000001
1430,20.184274722874164,19.923
1431,17.484541075885296,19.680999999999997
1432,29.587030364900826,18.483
1433,16.22635756894946,18.192999999999998
1434,22.358483304023743,22.155
1435,18.000291557043788,13.70565
1436,22.54110088440776,8.4466
1437,25.643518638908866,35.564
1438,19.713851156860592,23.1265
1439,14.537343283325432,13.86540835
1440,21.965057193100456,32.9335
1441,24.076917281478643,24.1125
1442,16.6027547224164,17.5865
1443,7.471106355950235,6.5710375
1444,15.032974503263832,14.5005
1445,6.423069039821625,12.8095
1446,10.269881009891629,-2.7531
1447,11.005052283063533,13.860999999999999
1448,28.078663245081906,28.4575
1449,15.512100733667614,11.6869
1450,17.31190102550387,10.14675
1451,28.095179304361345,22.666999999999998
1452,16.66756438845396,14.1781
1453,13.15649224406481,10.8925
1454,15.257527966961264,13.0883
1455,12.367411313593388,20.0175
1456,19.510673370420932,15.7995
1457,27.82839476415515,17.7905
1458,19.296418459326034,18.993
1459,19.88582333263755,15.002
1460,7.312146665215492,5.6742977
1461,18.486507959008215,20.166
1462,20.914276425212627,16.805
1463,13.671362680509686,14.181
1464,17.430867573142052,18.403
1465,13.432472052305938,16.614
1466,7.768310554936528,21.2695
1467,12.750688313469292,12.1054
1468,15.445078963622452,20.809
1469,15.595610888630153,15.7515
1470,17.929566957354545,21.668000000000003
1471,15.982500315234065,20.3205
1472,16.3199780908525,10.1187
1473,10.751787591204048,10.36587715
1474,15.326053377345206,11.1555
1475,21.59600666028261,19.557000000000002
1476,12.208060491874813,10.77585
1477,24.595165835052732,21.6275
1478,11.896126152440905,12.3935
1479,19.582641471445562,20.6475
1480,12.061436186790468,7.9598
1481,25.561820232182747,22.587
1482,26.73378518658877,21.888
1483,21.625795343607663,18.644000000000002
1484,8.822886400341988,10.01986125
1485,17.19984937846661,19.1375
1486,23.582723283410076,20.487
1487,24.12557249990106,20.1955
1488,7.882915623113513,5.479155
1489,15.832935147941113,14.454
1490,22.31312317964435,23.1235
1491,10.822333230018616,6.65875
1492,18.171994369029996,13.1925
1493,18.185669193804266,20.65698395
1494,15.664062500715255,11.67339285
1495,19.74868395391107,26.819000000000003
1496,18.07104567605257,20.8935
1497,19.297757898449902,32.825
1498,24.35891165107489,18.7835
1499,12.853994862094522,13.567
1500,6.689552851960064,2.3319405
1501,25.077699701905253,15.4985
1502,24.360302749007943,31.31
1503,33.61237702447176,31.451999999999998
1504,11.042879446089268,14.450225
1505,14.689742305293679,16.7855
1506,5.789189621716739,4.8116
1507,21.529632470309735,18.2515
1508,20.027715321809055,10.4065
1509,13.143413340553641,10.352
1510,24.538521950781345,26.471
1511,14.362753112897279,22.938000000000002
1512,22.524987025856973,15.123
1513,13.723213365271688,11.1744
1514,17.67878557825089,13.3025
1515,7.832813958033919,6.6247357000000004
1516,17.224431591808795,18.132
1517,13.952869981333615,6.23265
1518,14.48901831229031,15.821
1519,7.426397501558066,7.9628277999999995
1520,22.686387595325712,20.6045
1521,31.75772983694077,24.7975
1522,20.01624337625504,22.833000000000002
1523,18.537790396869184,12.640999999999998
1524,27.455289014816287,18.2495
1525,21.395385984897615,27.7675
1526,7.049157202526926,11.1360389
1527,21.31026702702046,21.4585
1528,16.55022509330511,11.489
1529,15.825605131909251,24.0155
1530,17.516366592258215,5.8737
1531,11.66217816530168,11.8558
1532,25.571439840435986,31.2115
1533,18.782756470024587,11.8093
1534,13.85065380257368,13.50122855
1535,20.361685833275317,17.45395
1536,21.16059300723672,25.92
1537,17.41182023221254,12.8577
1538,16.461523228019473,12.0275
1539,21.88831434214115,14.7895
1540,12.272224422797562,13.18965
1541,10.319591543987395,13.557
1542,24.917040805339816,25.351999999999997
1543,8.335171892911196,9.8954
1544,8.009588558107614,8.15350555
1545,25.65430426028371,19.7035
1546,19.72347814494372,21.424
1547,9.135868675619365,7.7293
1548,14.579760700538754,14.4565
1549,21.054415704786777,21.524
1550,19.716459926724433,20.5145
1551,11.340812403276564,8.7247
1552,18.489408232152464,17.9625
1553,10.361909333497286,12.2949
1554,26.373332155585288,21.949
1555,12.83748064777255,7.671
1556,20.905948287189013,27.7985
1557,24.780432774364954,19.0375
1558,11.743324929744004,14.2
1559,15.197323314771056,18.4405
1560,20.567616296261548,24.908
1561,12.224253683596851,11.0927
1562,25.728434651464227,22.7305
1563,14.248570539981126,14.3075
1564,8.502016931876542,5.02769165
1565,15.210588558986784,16.835
1566,7.19263032025099,10.15565
1567,26.070792339593176,23.548000000000002
1568,10.466341306179762,7.1602
1569,14.112418213501572,22.033
1570,14.554442349165678,9.19585
1571,15.727514278054239,12.79655
1572,27.02186422592402,23.6495
1573,17.209878567278388,1.76365
1574,31.230179007798434,18.81
1575,12.299326848044993,13.0765
1576,16.042854408979416,20.9355
1577,7.0552215777337555,11.0765
1578,17.38398720380664,18.14506
1579,17.950208341538904,15.8465
1580,17.59734546557069,15.9235
1581,19.910534693002703,22.320999999999998
1582,17.230781935423614,16.3435
1583,24.191050040543082,25.0035
1584,21.2399741473794,30.784000000000002
1585,25.773042033195495,25.1395
1586,16.59474760699272,21.94973215
1587,11.456419283360242,11.99995
1588,12.2643999581635,25.8295
1589,17.884324910253284,15.253
1590,17.455169352948666,18.4785
1591,23.31098318743706,22.121
1592,20.111701475799087,15.9145
1593,20.839312113255268,16.0435
1594,14.243830844238401,15.8892
1595,16.502071703314783,24.079
1596,17.545409912765024,14.0795
1597,21.078765453487634,18.4275
1598,15.203623844534158,13.177
1599,15.617078813761472,16.3355
1600,23.666513871908187,22.1405
1601,8.331535481736063,4.5012
1602,7.771559525042774,9.73505375
1603,18.60690250372887,14.68485715
1604,27.24237723276019,38.3355
1605,16.381632879614827,14.1149353
1606,14.728473497480154,14.866
1607,15.576085703715682,12.912
1608,27.389925861537456,25.6415
1609,24.393165131479506,16.727999999999998
1610,8.753892370760441,6.22135
1611,16.278407509118317,18.834
1612,9.903007526889445,14.4495
1613,15.994051593959332,16.1615
1614,17.12016197538376,20.34
1615,27.12660246154666,21.5875
1616,8.423178209230302,7.9497625
1617,12.974977948248386,19.016
1618,23.97256648692489,34.556
1619,16.74872406759858,11.8811
1620,18.156304850697516,16.198
1621,28.254137150138618,18.1875
1622,14.634867735236883,8.53835
1623,17.938120180189607,19.292
1624,21.3466864874959,29.349875
1625,16.73532598644495,18.9825
1626,20.809737444996834,22.904
1627,16.137002588719128,16.0475
1628,7.78961612381041,11.8098
1629,14.945018000796436,13.14925
1630,18.416823915332557,25.9345
1631,17.07070973533392,15.0245
1632,25.027051929414277,26.5745
1633,18.49571798670292,16.993
1634,14.35483824534714,6.5528699999999995
1635,18.641336789965628,14.7225
1636,8.062195675432681,5.394425
1637,17.664118166357277,17.4965
1638,25.744430432736877,21.2735
1639,16.803607862442732,15.6905
1640,29.584237099289894,40.4205
1641,23.7902072005868,33.063
1642,20.87926282233,22.4765
1643,23.729076379746203,25.826
1644,17.129600777804853,15.479000000000001
1645,19.626902001172304,15.74685
1646,19.713378847748046,21.419
1647,16.785988518595694,5.53965
1648,10.959000299632548,11.3752
1649,18.77131035387516,14.386
1650,26.715272883325817,21.061
1651,18.00693340393901,20.95982025
1652,21.055972848892218,22.378
1653,12.712820561379194,4.4661725
1654,29.218869101583962,21.1025
1655,9.068439169973134,17.8025
1656,18.367995270907876,14.1095
1657,8.59770934101939,7.4802
1658,12.669307239428163,10.08995
1659,22.978440673053264,19.4325
1660,21.3487528398633,12.669
1661,19.091059933155776,20.052
1662,9.896171959459783,20.6015
1663,16.653317626863718,20.500999999999998
1664,15.424050138369202,14.5865
1665,20.524433221697812,20.2175
1666,30.057446551084524,15.883
1667,24.311023934960367,17.5215
1668,17.473880911618473,12.1435
1669,12.872475801080464,12.564
1670,15.186443600565196,11.616
1671,18.480426979184152,15.1045
1672,17.82554825514555,31.644000000000002
1673,22.533160187453035,27.654
1674,21.047198231160642,21.896
1675,20.397961387068037,14.1025
1676,20.317952961385252,31.455
1677,15.438929720371961,12.674000000000001
1678,17.95997185647488,15.194
1679,18.410990159809593,15.8765
1680,28.073630201101302,24.9645
1681,18.255681639909746,18.3865
1682,10.457221681401135,11.51185
1683,9.964658625736833,10.57635
1684,16.83268808209896,25.248
1685,20.04602836966515,21.6865
1686,14.97286578886211,20.554000000000002
1687,9.94799681481719,9.334625
1688,17.473190897524354,20.9105
1689,19.129748691320422,19.264
1690,10.42736473464966,5.34395
1691,15.236440103068949,18.1605
1692,17.14028677147627,14.172
1693,25.062814585030083,25.6745
1694,13.512122556239367,14.2225
1695,19.10341007846594,16.5475
1696,14.647957708492877,16.671
1697,24.813140180408958,25.6115
1698,13.284901284039021,12.45982
1699,15.666173132061958,17.182000000000002
1700,14.898942032918333,14.224
1701,26.236266575157643,20.673000000000002
1702,26.971736731439833,24.0245
1703,16.47116497576237,23.601999999999997
1704,16.293436532676218,14.1555
1705,12.085905857726933,9.80555
1706,20.87628506097198,27.9395
1707,35.877604737490415,39.6325
1708,13.83529084171355,22.019000000000002
1709,19.87961320579052,27.23
1710,17.34564529764652,14.758
1711,17.113357772231105,17.259
1712,16.610588411837817,19.962
1713,16.00309557548165,31.8615
1714,13.297587211608887,13.552
1715,22.472538574874406,30.914
1716,15.052099332407119,14.748
1717,16.926404541790482,17.296
1718,14.853220296874644,20.645
1719,12.406393419995903,14.357000000000001
1720,15.780492231830953,8.01725
1721,15.807583587333559,10.5398
1722,21.829821810483935,13.8125
1723,25.40914262163639,33.4105
1724,11.46652965030074,10.33175
1725,18.453317174106836,16.4145
1726,13.229692776679991,16.789
1727,21.599257475346327,25.784000000000002
1728,15.882594023227691,15.7595
1729,21.938991633951666,14.01635
1730,21.521381820499897,19.7575
1731,24.37088173514605,14.6135
1732,19.031080365777015,18.2365
1733,15.8188322930336,14.217
1734,22.497681655287742,15.6295
1735,20.440812369287016,22.326
1736,26.58327724602819,19.62
1737,20.729629391610622,18.8985
1738,23.31949213129282,19.132
1739,21.151674482822422,20.7105
1740,12.915053729593753,14.731
1741,24.227056230545045,27.0
1742,19.746185881495478,18.1825
1743,21.049449079275135,15.0165
1744,31.57453293991089,29.5745
1745,9.721085495471955,10.5678424
1746,18.068510704487565,14.5065
1747,18.261364108920098,15.5505
1748,27.721032999008898,18.784000000000002
1749,11.712202342167496,5.9758
1750,18.931736785799266,16.822
1751,29.67475071281195,17.6055
1752,13.762202851504087,16.0015
1753,20.30618951255083,14.1855
1754,23.43323006945849,29.7055
1755,20.010202985495333,25.5905
1756,21.498895478844645,16.2685
1757,31.302180318057538,18.9525
1758,10.299166019827128,14.1165
1759,13.56162461014092,23.314
1760,14.434079168722034,10.0999
1761,12.54709356664121,8.70535
1762,25.021797490537168,29.9555
1763,26.97141201892495,42.915
1764,23.425174985140565,21.241
1765,26.678547159910202,29.6905
1766,25.893392298936845,21.1665
1767,15.608966535761953,10.21405
1768,24.636562990784647,25.625999999999998
1769,13.981134729787707,13.4015
1770,25.406589200496676,27.0325
1771,26.223469950139524,22.596999999999998
1772,14.94692384186387,11.42515
1773,12.272514081120493,9.82255
1774,16.232213463962076,17.4925
1775,20.99589734372497,24.3625
1776,24.12856502091885,45.8055
1777,28.248712975174193,21.4765
1778,14.235039621889593,14.65015
1779,10.270131924107671,9.7003625
1780,26.933107011914252,39.3655
1781,17.858894016474487,14.895999999999999
1782,13.99958983936906,11.76937145
1783,16.63503409832716,22.829
1784,19.89645766749978,24.7175
1785,15.265869019687175,22.0745
1786,14.798408455371858,13.532
1787,10.645154584258796,7.99481835
1788,24.709088268965488,16.6885
1789,17.20795243167877,12.524000000000001
1790,12.152743132025003,11.92316875
1791,24.43870237177611,17.090999999999998
1792,13.270012477248907,11.39365
1793,14.78332777300477,18.3225
1794,17.91009158629179,20.1905
1795,17.740706040889023,19.213
1796,26.379354096770285,22.158
1797,16.074403181731704,17.16
1798,17.77634323939681,20.419620000000002
1799,18.031556206345556,10.3715
1800,12.38272630555928,12.73
1801,21.88848776814342,31.5095
1802,26.573052491724496,26.6045
1803,21.855311742901804,20.57
1804,26.39114706492424,25.1965
1805,20.751348230957987,18.7845
1806,27.76004646968842,20.2295
1807,28.312983913630248,19.1375
1808,18.25284778523445,9.33605
1809,24.516935948371888,21.433000000000003
1810,23.694247272610667,24.3355
1811,21.604644751161338,22.945999999999998
1812,20.820194663941862,13.6175
1813,12.986929582744837,15.706
1814,23.461037268459798,16.7945
1815,17.68167109173536,15.905
1816,11.67664078691602,7.6412
1817,18.07601599147916,17.622
1818,21.59572622674704,14.818
1819,16.126460501730442,14.1055
1820,25.369557214140897,24.301
1821,20.026899850606924,23.5905
1822,26.049276445567607,22.491
1823,20.31708952128887,13.06527654
1824,20.89196719947458,15.8535
1825,20.127822714179757,15.622
1826,23.194610650002957,27.6615
1827,18.66495224559307,14.3305
1828,14.98436171886325,14.847999999999999
1829,18.333804519057274,16.548
1830,16.784357576191425,14.811
1831,14.681502725228667,19.5525
1832,20.178367169052365,25.9845
1833,16.003305900633336,19.51373065
1834,19.847625333160167,26.534000000000002
1835,22.996251892477275,20.13
1836,13.921251100197436,14.6915
1837,13.411660932034254,13.26355
1838,15.056813198745251,16.8905
1839,18.4047394438982,22.078000000000003
1840,23.2888141784668,31.212
1841,16.432741891473533,13.405999999999999
1842,21.673790067255496,23.2135
1843,14.150202942505478,14.296
1844,16.85415600723028,17.08545
1845,18.338933500826357,15.454
1846,23.56224056556821,21.9695
1847,22.65812653678656,25.918000000000003
1848,14.381005277156829,14.9135
1849,16.897903638780114,19.4095
1850,19.468796525746583,10.4611
1851,17.733949806630612,12.099
1852,17.527513825297355,19.535
1853,16.85180184149742,19.9205
1854,20.581125074863436,19.53466665
1855,18.771996678054336,15.470999999999998
1856,17.078484386116266,16.792
1857,15.230434766501189,18.2445
1858,20.100240599989895,14.58
1859,20.77990817260742,23.4245
1860,15.266791498422622,16.325
1861,15.126711257487537,13.47601665
1862,20.325303271949295,23.732
1863,27.22637407165766,21.9175
1864,14.045149219155311,22.412372199999997
1865,13.71931312517822,15.70585
1866,22.553886439681058,23.2675
1867,12.890085920140146,17.837
1868,28.12446246933937,30.2115
1869,24.266929451406007,30.784000000000002
1870,20.057216191768646,20.573
1871,15.260520487979056,17.588
1872,20.41770612192154,22.392
1873,16.702389805674557,12.54245
1874,25.6796724255085,23.753
1875,18.34036518782377,18.58535
1876,12.65417120833695,8.9239
1877,16.0398950971961,13.6365
1878,16.571962382227184,21.057
1879,20.902118155479435,21.553
1880,9.876613565310835,5.585
1881,10.407059132725001,10.70415
1882,24.88469132104516,19.5
1883,15.2004708122164,15.8415
1884,19.289839340984827,19.18763335
1885,20.078776364773518,10.80585
1886,23.90183450740576,23.0295
1887,18.892033301025634,20.5765
1888,16.51332225397229,14.42293125
1889,19.272563159227374,16.6815
1890,17.63718547719717,15.7525
1891,30.023366496682172,39.6175
1892,18.941950470358137,16.6545
1893,17.973085814177992,21.8045
1894,23.01124401688576,14.9935
1895,21.990126475214957,-5.1175
1896,23.64343345394731,28.6255
1897,26.958519456118346,30.8225
1898,14.03259797348082,14.43005
1899,13.533394915878771,11.190999999999999
1900,25.104569662511352,15.600999999999999
1901,26.834305849432944,28.9825
1902,19.361335132896905,15.392999999999999
1903,21.07664375239611,21.4375
1904,16.84824476349354,26.8935
1905,16.777221280694008,16.5605
1906,13.397113442376257,13.5082
1907,10.285716279864312,9.52115
1908,14.30067213895917,15.0615
1909,25.305157128661875,24.1955
1910,15.63023889540136,18.0935
1911,14.825497965916993,19.82
1912,14.122159588947893,6.861000000000001
1913,30.05325480771065,15.6547
1914,25.811121955394746,18.595
1915,22.24431733572483,28.7095
1916,15.767241747274996,17.203
1917,21.83898755919934,17.7595
1918,19.123047805786136,19.313
1919,25.426440942883495,17.7505
1920,17.033851174980406,15.5475
1921,15.155961213231086,6.71725
1922,17.521997402459384,16.2075
1923,25.389744738787414,23.8405
1924,20.612264267057185,19.201
1925,10.619500450626015,10.2037
1926,26.179264769136907,20.59
1927,19.21092313012481,15.860999999999999
1928,19.442328765869142,17.628
1929,9.863693328142167,12.4235
1930,18.54021836090088,22.6795
1931,19.97638491505385,27.3
1932,12.472880152374506,9.6383
1933,18.27435260951519,11.244000000000002
1934,20.85445552417636,17.526
1935,21.60561519879103,22.175
1936,20.860440566211942,20.0315
1937,23.930700711995364,19.8595
1938,13.22878136768937,17.5365
1939,11.012756825461983,13.5145
1940,13.600927739143371,12.2697375
1941,24.41704257106781,20.884
1942,11.152248524963857,10.02364925
1943,13.970644301608205,10.006775
1944,24.44583497735858,21.883000000000003
1945,24.23567587184906,18.131
1946,18.70420556074381,17.7535
1947,10.429643257126214,5.99745
1948,19.982203910917043,19.1735
1949,19.06491688579321,22.0605
1950,18.307916075825695,14.4845
1951,20.644772417694334,19.3185
1952,18.15207989808917,16.3756941
1953,13.811182782441376,13.4116
1954,15.762171804144979,18.29192
1955,24.579350859612227,27.331
1956,24.388412521034482,25.1245
1957,23.07721969604492,22.99
1958,25.68588255235553,39.725
1959,20.716316178500655,15.9382
1960,24.05054545938969,18.0515
1961,15.701005929112435,13.845
1962,24.8196344307065,25.526999999999997
1963,15.062988271400334,9.04645
1964,18.96982777774334,28.691999999999997
1965,20.202897723585366,14.9545
1966,21.36004397958517,15.538
1967,18.608179214298723,23.5775
1968,16.097723444163798,13.913
1969,24.08862907150388,26.374000000000002
1970,30.446529632121326,26.565
1971,26.743644639313224,22.636
1972,20.384895398259168,23.566
1973,18.420384683251385,16.067999999999998
1974,22.696922302484516,20.776
1975,29.35144036561251,22.3125
1976,17.636403215229514,19.041
1977,20.424643162012103,29.785
1978,16.967362597644332,27.058000000000003
1979,19.166315748393536,19.961
1980,13.389534357085823,14.597000000000001
1981,14.462161266386508,16.831
1982,20.119088685512544,15.39494445
1983,19.132955227404835,16.671
1984,25.928380072414875,23.344
1985,18.187997530132535,19.308
1986,15.460345986694099,1.2782
1987,18.980919662058355,21.423831600000003
1988,10.22428657591343,21.15525
1989,19.2683714158535,15.7645
1990,26.679805420905353,20.805999999999997
1991,15.76287473294139,14.8616
1992,18.407270725548265,23.8298
1993,11.441277717396618,14.1815
1994,14.96727003285289,10.7995
1995,14.244884314954282,12.879000000000001
1996,13.377730319187046,11.4921
1997,18.605736490607264,11.7816
1998,19.691147110223774,25.48
1999,20.117542611151933,12.952277800000001
2000,28.645412040650847,24.57
2001,22.00724030071497,14.883
2002,16.463995471030472,18.311
2003,19.39337835425139,18.543864300000003
2004,14.489656667575241,14.4657
2005,18.139788791418077,8.23545
2006,24.475446544766427,27.5515
2007,15.042994467288255,2.673
2008,17.01404371157289,21.03725
2009,19.183027373164897,15.298
2010,18.556719660520557,17.268
2011,25.2619445347786,28.191
2012,23.51938958334923,18.053
2013,12.134195774570108,11.7305
2014,12.673096782073378,12.3901
2015,17.721677149534223,22.4195
2016,17.14374422177672,20.357
2017,15.127224155664445,19.1395
2018,17.799582323700193,20.3415
2019,19.579342687487603,21.7795
2020,26.534027951300146,25.7955
2021,18.979539633870125,16.0915
2022,22.126845203638076,22.275
2023,22.058758893132214,15.636
2024,26.847283280283214,24.995
2025,24.432149082839494,29.736
2026,22.08005339226127,24.5445
2027,21.42658790564537,15.492
2028,13.018696060478687,15.485
2029,17.19460231941938,21.744
2030,21.982691296607257,22.653000000000002
2031,24.87685025179386,28.2995
2032,26.510877424955368,28.004
2033,18.274157044023276,13.777999999999999
2034,13.881390794038774,15.829
2035,10.451605630859733,11.43473415
2036,18.381227305889126,16.49
2037,16.174827906787392,21.658
2038,21.368936674594885,23.81925
2039,10.805951852634548,10.1646
2040,15.897014210820197,10.0491
2041,11.187420794188975,1.7921405
2042,24.327163622915748,28.403000000000002
2043,18.2238893327713,20.476
2044,23.020383936196566,30.944000000000003
2045,15.921260641902686,19.3535
2046,27.551706492245202,26.1385
2047,14.185118762642146,15.38295
2048,19.07789062672854,15.091
2049,22.11338439393044,21.8135
2050,15.726671132490038,19.352
2051,20.164312283039095,26.1095
2052,22.954537404060368,24.2635
2053,17.227077260822057,13.571
2054,18.460752352714536,19.3505
2055,23.094348281204702,25.385
2056,19.471028924286365,22.923000000000002
2057,11.903461703345181,14.48
2058,17.944614430487157,22.421999999999997
2059,20.729300989180807,16.157
2060,21.32201571619511,34.3375
2061,18.40322657877207,31.233
2062,18.95478030461073,15.498
2063,22.43826664489508,24.5315
2064,24.94055663326383,28.6845
2065,20.5317171137929,17.909000000000002
2066,13.409882393032314,9.1647
2067,20.446583396255974,22.2495
2068,25.49336862009764,25.93880555
2069,23.904262471437455,29.962
2070,14.15526181589067,5.14265
2071,24.662702348232273,18.793
2072,25.675786945074798,26.125999999999998
2073,18.807357132941483,18.8835
2074,18.2557480583787,12.015999999999998
2075,16.195823522806165,20.671999999999997
2076,20.135512496918444,11.69855
2077,23.850485651075843,31.9635
2078,10.424053035989404,18.4855
2079,27.98209817105532,32.876999999999995
2080,16.790837066829205,14.3155
2081,21.193053188979626,10.8031
2082,15.559274451240897,16.112000000000002
2083,22.73128648033738,17.1675
2084,26.091828544676304,27.339000000000002
2085,15.615125003799795,11.712
2086,24.3167137838006,22.8115
2087,19.298388873904948,23.165
2088,15.144852724298834,20.9755
2089,26.24709647551179,28.174
2090,19.57541661798954,18.936
2091,15.628589503422381,14.9995
2092,29.640338566064834,26.3745
2093,17.62972446918488,27.2025
2094,11.520258501768113,-12.34625
2095,15.879627331614495,18.434
2096,16.45584444892407,21.285999999999998
2097,18.19811896681786,14.73945
2098,30.045321490585806,23.5115
2099,21.991023124545812,17.2295
2100,19.708799663305285,16.815
2101,17.423546781897542,17.8965
2102,28.295859018385414,28.434
2103,17.065418397307397,17.956
2104,17.707496806412934,26.085
2105,18.321376885533333,14.7685
2106,11.682625828951599,12.52091875
2107,27.979160998761657,21.793000000000003
2108,20.045364184975625,20.9835
2109,21.712360748142004,22.785
2110,24.135926401227714,29.43
2111,24.51200253209472,30.2155
2112,19.09016328382492,24.432
2113,20.56517726248503,21.979
2114,17.52845106369257,20.0205
2115,18.106435650259257,11.4955
2116,12.249798964738845,15.405999999999999
2117,22.7924984793067,30.223000000000003
2118,28.00469890007377,20.4565
2119,21.00456495392323,16.621
2120,22.088263453006746,24.18694445
2121,21.246770970702173,12.217
2122,16.022187195390465,17.762999999999998
2123,16.52849518421292,12.5254
2124,19.54966839152575,17.383
2125,16.073001014053823,21.6015
2126,25.47048007771373,23.7185
2127,23.01038795661926,24.2355
2128,25.49690355861187,26.156999999999996
2129,22.836113273918627,19.977
2130,14.836420114144682,15.44674445
2131,17.550501995384693,16.519000000000002
2132,25.97835628038645,21.855999999999998
2133,10.996698315635323,14.73544315
2134,11.625771619528534,8.347000000000001
2135,22.232723622977737,18.2115
2136,21.586265284836294,28.3785
2137,17.564597470462324,19.9535
2138,17.191030481755732,17.78025
2139,28.08905404555798,36.912
2140,18.49761829289794,23.9195
2141,17.669634589195255,11.84785
2142,18.83849632513523,28.08854545
2143,17.964694947600364,18.107
2144,19.18909359332919,19.48
2145,26.39843464693427,28.6945
2146,12.111117201566698,10.06175
2147,25.187024501800536,24.083000000000002
2148,23.26097008031607,32.891999999999996
2149,20.651772186338903,21.5575
2150,25.68824778783322,29.4935
2151,9.107983988404273,18.923
2152,14.84062477222085,19.778
2153,18.287931496500967,15.224
2154,18.89345391827822,21.218000000000004
2155,16.92485846742988,16.7785
2156,25.845249978691342,25.4075
2157,21.829950957506895,26.6265
2158,23.226801467955113,34.6885
2159,24.54812679937482,32.573
2160,13.313479675263165,9.2855
2161,20.204130155175925,10.18115
2162,19.511743445754057,16.3005
2163,22.29410904794932,25.7395
2164,11.72026296135783,7.05625
2165,20.86070993000269,25.19847915
2166,15.829136380508542,13.05843505
2167,25.68064656305313,35.9625
2168,12.139636554151773,16.8625
2169,17.41998232406378,23.0410889
2170,21.073518394440413,20.118
2171,10.685378347039224,13.4005
2172,25.384228315949443,25.011999999999997
2173,28.724213864147664,24.2915
2174,16.548239919066432,18.96027145
2175,22.785362183809283,19.2945
2176,21.959710506349808,19.526
2177,15.550400205805898,15.3985
2178,25.454720450997357,29.0355
2179,24.635861906945706,21.3625
2180,17.432254981160163,22.8255
2181,20.460088484942915,21.375
2182,11.839956422239544,11.5784
2183,11.877945941522716,16.3115
2184,20.445103740364317,24.656999999999996
2185,17.92841201397777,14.29833335
2186,16.431070360004902,14.8585
2187,10.050938061863183,16.576
2188,23.858935556292536,25.5135
2189,13.347057901233436,21.4075
2190,20.698397951543335,20.715
2191,26.274925814002756,28.8785
2192,18.661029866009955,18.5815
2193,22.804571880996228,25.4475
2194,23.50422403293848,22.0935
2195,23.373080765992405,28.9905
2196,24.339377241373064,20.592
2197,26.283176463812595,23.0775
2198,19.88214448744059,23.482
2199,20.846448408752686,21.59358335
2200,23.09089452081919,25.691999999999997
2201,17.390248989462854,14.7025
2202,21.2732018314302,22.593000000000004
2203,16.336874211370947,15.36709
2204,25.268077173411847,37.428000000000004
2205,9.8259694827348,2.396105
2206,16.271920638650656,12.6467
2207,26.745437937974934,25.006999999999998
2208,27.780388970762495,26.504
2209,22.297577567994594,25.215
2210,24.189426477968695,23.0775
2211,22.496460293442013,19.1765
2212,14.574428773447872,13.5335
2213,21.827360637217765,18.362000000000002
2214,21.645931209445003,20.208
2215,18.479508190363646,14.187999999999999
2216,20.930205788016323,29.025
2217,22.155050913453103,18.7855
2218,16.11168977221847,21.633000000000003
2219,29.742468031823634,26.4945
2220,15.41349698163569,15.2855
2221,23.50640846258402,28.585
2222,20.459638315320014,25.4895
2223,20.528488438218837,12.8975
2224,28.62711006253958,28.561
2225,13.190559383764862,15.88
2226,23.954744197756057,21.1485
2227,12.95306169845164,8.41785
2228,28.52539386725426,25.0505
2229,24.164021413594483,16.9295
2230,24.30265151795745,26.9055
2231,16.930190394520757,24.784000000000002
2232,12.670028617799284,17.3415
2233,15.693537541270258,11.255
2234,14.61905275979638,16.1865
2235,20.82054151594639,19.869
2236,16.961510392546657,17.031
2237,13.510185350894927,12.1382
2238,19.23803293520212,17.352
2239,25.426522121012212,24.2715
2240,25.18719423788786,39.559
2241,21.730880431234837,27.889
2242,24.86813467270136,32.977
2243,13.096053282275795,8.3432
2244,25.16902878662944,24.9015
2245,12.552752051204441,13.3925
2246,20.07765832054615,14.9015
2247,18.28992405056953,2.74425
2248,16.593028106629852,14.25666355
2249,15.839049336999656,13.5855
2250,18.871233250498776,16.279
2251,28.058652836352586,27.009
2252,24.611028779387475,21.1515
2253,25.721361084520822,23.0505
2254,29.03135869398713,28.045
2255,22.973872558355332,25.178
2256,27.583129807889463,26.2555
2257,22.033770789146423,14.282
2258,28.491823021113873,26.3285
2259,15.991990776464343,20.9205
2260,21.083839086532592,23.223000000000003
2261,25.153497934639454,19.7475
2262,15.749895457133652,17.437
2263,19.77473106348515,28.016
2264,28.88102048951388,20.593000000000004
2265,12.373733982846142,10.4535
2266,20.827515455186372,13.9535
2267,24.0054952878654,22.1085
2268,21.719733198195698,20.4545
2269,28.28464167696238,24.6275
2270,23.125170140713458,25.256999999999998
2271,22.406902367889884,24.660999999999998
2272,18.99219604212046,22.32911805
2273,20.909309799700978,13.3133
2274,27.477299357444053,22.494
2275,18.530905015587805,11.9995
2276,18.79918397134543,14.3965238
2277,15.378440944731237,20.2565
2278,25.88852530112863,36.784
2279,25.87293910041452,31.205
2280,20.623518507629633,48.7595
2281,22.63219012466073,23.0145
2282,22.33131077039242,17.429000000000002
2283,20.402363455593587,24.2225
2284,12.9618178666085,10.72575
2285,17.423764486879108,21.8145
2286,28.591070663303142,31.443
2287,27.433798950195317,15.923
2288,15.695531940296293,15.4711348
2289,14.795884553551675,21.535999999999998
2290,23.907140605092053,16.02835
2291,18.257873449385166,24.543000000000003
2292,15.105531145721676,16.2095
2293,19.60726796376705,23.337
2294,29.779902218908077,28.136999999999997
2295,13.196583169907333,11.66235
2296,15.060503113687039,16.723
2297,23.019280651628975,14.494000000000002
2298,22.782188856959344,20.0065
2299,30.50845747458935,32.516999999999996
2300,23.42382816618681,31.5975
2301,13.455535865649582,11.5162
2302,23.709759675025943,18.1905
2303,15.69684739497304,10.02545
2304,13.798039305418731,15.745999999999999
2305,28.401420105040074,36.163000000000004
2306,19.82145276647806,13.503
2307,22.283397224873305,22.13517645
2308,24.635979984223844,31.6585
2309,18.712570597916844,20.9935
2310,25.79864266306162,20.2515
2311,18.535834741950033,17.9905
2312,18.40269154110551,12.69
2313,22.28703917092085,22.408
2314,15.466163137599827,9.8492
2315,17.631990076959134,14.071
2316,18.616046112954614,20.073
2317,23.555702036291365,16.78
2318,23.687317612349986,13.26
2319,25.15221384423971,24.250999999999998
2320,27.531496828109027,26.84
2321,29.18805831182003,35.809
2322,22.047039723277095,24.679000000000002
2323,15.139268038034439,13.755
2324,13.263671358421446,10.39
2325,21.648838862419133,20.5345
2326,18.250574797630307,13.921
2327,23.17616107529402,24.288
2328,22.258589926719665,22.2365
2329,23.695461254626515,25.221999999999998
2330,22.564601952672007,26.4865
2331,13.958624403685333,17.93109425
2332,19.07719692271948,15.681
2333,23.118133472919467,20.3515
2334,14.299074405789375,14.224
2335,31.195504877090457,24.679000000000002
2336,13.984782210707666,12.0425
2337,24.469350805282595,17.344
2338,11.910586929097773,20.3515
2339,25.147619900137187,32.063
2340,25.48066424295306,24.5235
2341,18.786202850580217,25.394000000000002
2342,15.308587164968253,18.0175
2343,18.091259030103686,21.811999999999998
2344,27.75823841136694,30.379
2345,16.30771650350094,16.554000000000002
2346,18.946337779223924,11.671
2347,21.392618548691274,30.0215
2348,19.474464235097173,20.9605
2349,21.58894416308403,27.2375
2350,19.867023216009144,20.3015
2351,14.850552488371731,14.11525
2352,17.76284184062481,20.448
2353,14.89416359306872,12.527000000000001
2354,28.626272451847797,28.1505
2355,16.07349546265602,17.340999999999998
2356,15.856096744030713,19.117
2357,28.04918451461196,27.3505
2358,26.302500548362737,27.523000000000003
2359,20.269762672245506,10.6779
2360,27.84674102124572,27.1805
2361,20.216823462575675,17.695999999999998
2362,15.161016396701337,16.742
2363,20.301599258363247,15.8364
2364,22.523422501921658,22.61315875
2365,22.30580238839984,21.3365
2366,21.78386391988397,20.546999999999997
2367,29.056236100524664,25.1385
2368,26.482428180754184,25.428
2369,26.482989047825342,25.7435
2370,17.299805484324693,10.415
2371,22.82681837818027,21.756999999999998
2372,21.844308416545395,18.386
2373,27.246853099584584,27.9415
2374,20.65200834089518,27.5495
2375,12.918843272238972,17.4905
2376,11.579382008880378,12.8235
2377,22.19002392727137,23.4715
2378,18.90723944050074,21.6215
2379,19.17866220378876,14.9855
2380,26.01726274353266,28.943
2381,19.213993139356376,21.761999999999997
2382,22.1004623118043,23.1885
2383,19.99361681783199,20.935
2384,27.299626263082033,22.685
2385,25.75793921133876,21.156
2386,29.26516277444363,32.471
2387,21.676468945503238,26.4435
2388,17.59142315208912,16.276
2389,14.827147357895969,21.3325
2390,16.58540474236012,16.665
2391,26.66461404109001,27.2665
2392,31.12305339720845,28.6505
2393,21.6042351706028,13.5215
2394,29.36659115636349,31.7615
2395,18.339464848577975,22.3185
2396,20.123671559870246,19.65
2397,17.749026799082756,19.504
2398,28.025724035412075,24.223000000000003
2399,30.703395680963993,37.86
2400,21.88872761261463,16.409000000000002
2401,25.053501239717008,16.016
2402,16.299362536072728,16.711
2403,28.937335971355438,31.6805
2404,17.007102981567385,11.8259
2405,30.17961963480711,28.184
2406,16.612444439053533,8.1031
2407,27.91441775119305,32.1025
2408,30.146642864972357,26.2005
2409,21.629171615779406,23.3875
2410,22.278581885874274,13.3895
2411,25.961991507619622,32.944
2412,22.58175267732144,21.403000000000002
2413,22.959710664808753,28.7
2414,13.857183107063173,9.0284875
2415,22.413522075295454,22.717
2416,23.60247170817852,26.118000000000002
2417,27.41463722190261,25.064
2418,17.727374378204345,16.8588625
2419,20.532728150486946,21.499000000000002
2420,26.492560687184337,32.7475
2421,25.75510904657841,24.0235
2422,17.959477407872676,3.4175
2423,22.793092555612326,16.807000000000002
2424,13.709916756778957,12.1815
2425,10.742428121954203,9.73955
2426,20.06099466466904,23.49
2427,22.912893024027348,17.070999999999998
2428,13.701212247431277,11.908
2429,23.64659571105242,29.9155
2430,19.85744419682026,18.1635
2431,25.143727039873603,26.243000000000002
2432,22.450210899561647,26.3565
2433,29.37345808807016,37.1295
2434,28.951114113748076,33.045
2435,25.796520961970096,32.739000000000004
2436,23.62814613634348,20.0255
2437,25.24745792871714,25.039
2438,26.382025595188146,13.214
2439,24.573258810043335,33.0775
2440,25.278401555418974,35.4475
2441,20.87847318053246,27.61
2442,23.60595867779851,40.9785
2443,26.29272965359688,26.0855
2444,15.717741538330914,12.1635
2445,20.436406610846518,17.01852645
2446,21.5854092245698,30.78
2447,26.368800940036778,36.3145
2448,27.056198884457352,28.8975
2449,14.181288630932569,20.087
2450,20.652310913920402,21.449692300000002
2451,20.908066298365597,13.43135
2452,25.33539598160982,24.151
2453,24.95057475233078,29.3525
2454,23.347321469783786,26.4365
2455,27.383586587667466,35.292
2456,22.18339684003592,23.993000000000002
2457,27.97119816231728,26.1704
2458,21.294348733961584,20.08733335
2459,19.756465984523295,25.9375
2460,27.59067937386036,35.221
2461,27.10856246739626,23.7455
2462,21.828449162125587,19.333
2463,15.659400293186307,17.43245
2464,27.39811378279329,26.8925
2465,24.782757420778275,27.691
2466,15.197793778926135,16.7255
2467,30.819244250476366,31.541
2468,14.766695481404662,5.616235
2469,30.499830453455452,30.06
2470,17.827965149432423,25.549
2471,31.682780284643172,26.039
2472,23.09168416261673,27.0965
2473,17.899534739643336,24.4225
2474,29.012565957188606,27.6065
2475,28.371557623416187,23.733
2476,25.48096312606335,35.903
2477,24.39337914654613,32.5105
2478,15.740729708418252,17.754
2479,29.37883429414034,28.2905
2480,21.16469988256693,25.2465
2481,27.30606147474051,19.904
2482,30.353171094179153,34.5025
2483,24.807900501191618,24.594
2484,19.0707174320817,13.716
2485,23.704460957169537,26.506999999999998
2486,27.40941230234504,32.88
2487,20.60020562502742,19.955714999999998
2488,14.933612473711372,8.73255
2489,28.198854844480756,20.9995
2490,28.005602929234506,29.1695
2491,29.276228829354054,37.231
2492,26.07124619913101,18.795
2493,21.164751541376113,23.59905
2494,29.6625075750351,22.0855
2495,16.15634512284398,20.1005
2496,21.726042952746155,23.392
2497,26.846298072993754,31.2935
2498,24.12114460197091,24.789
2499,23.71288872289658,18.8285
2500,17.17875413474441,15.699000000000002
2501,24.7883402620852,21.0135
2502,28.064405413746833,39.486
2503,26.92951303476095,40.73
2504,26.92343943476677,26.6715
2505,20.616120228171354,15.73515
2506,14.966008081942798,7.2609
2507,25.442503142625092,23.9995
2508,22.703113979756836,18.0535
2509,25.449185578584675,16.7515
2510,20.48867794591189,29.0595
2511,27.280977432966232,24.495
2512,31.851818978041415,36.633
2513,23.487619415700436,34.109
2514,20.047076305508618,20.576999999999998
2515,26.718793062180282,29.4025
2516,17.27272150865197,19.19
2517,16.35203238195181,19.9185
2518,24.4105778400898,29.8085
2519,27.42553723064065,16.449
2520,25.23274254792929,30.3135
2521,24.792059696346527,12.81845
2522,21.07815661752224,28.846
2523,26.97373297542334,33.6525
2524,26.521740534543994,31.015
2525,18.359427288413045,10.20517085
2526,19.500297329604628,19.312
2527,20.66303749665618,36.746
2528,23.89714831542969,21.9115
2529,26.564842430979013,23.41
2530,29.838852300018075,26.166
2531,20.85215670716763,19.734833300000002
2532,24.34508922970295,24.9595
2533,28.713110910087828,30.697
2534,23.319219077587128,21.206999999999997
2535,32.33648561573029,26.449
2536,26.477941244184976,18.2675
2537,16.63476842445135,11.9726
2538,26.115624806135898,26.305999999999997
2539,29.41493273201585,47.133
2540,29.60790052381158,27.6435
2541,26.866991115987304,27.004
2542,24.006259100258355,27.319000000000003
2543,19.40770998388529,18.7005
2544,21.825947399795055,26.5775
2545,30.249882995128637,28.2315
2546,16.457401593029502,14.98
2547,29.44263661339879,28.785999999999998
2548,28.11098321005702,32.048
2549,25.611032627761368,29.041
2550,21.89054305076599,19.40045
2551,29.44446312129498,35.1535
2552,30.370078284442428,32.0615
2553,29.717804640352732,26.408
2554,25.519840069890023,25.177
2555,28.429153505742555,33.55925
2556,16.89774128252268,17.5185
2557,25.187161028653385,22.3895
2558,19.519252422660593,18.764
2559,24.217122979521754,26.58654375
2560,31.216264338552953,32.732
2561,26.712782190740114,22.371
2562,24.93184843400121,26.2965
2563,26.6164975502491,24.9915
2564,21.987410697817808,21.5005
2565,22.249357759535314,15.51985
2566,25.998720920950177,20.3025
2567,26.715970277249816,26.331999999999997
2568,31.650312723070385,31.3885
2569,22.11658724009991,29.13188
2570,27.278538399189713,23.9815
2571,28.374402547836304,19.91425
2572,20.10031439828873,14.9465
2573,16.932072251141072,11.5742
2574,29.924295970410114,29.588
2575,24.988824410617354,18.3785
2576,25.00613011169434,32.385999999999996
2577,26.728246624261146,30.838
2578,23.845423087775707,28.471
2579,19.863824059754613,18.6845
2580,21.36471910181642,22.59835715
2581,26.158010859072213,20.531
2582,31.893695822715763,37.789
2583,23.768134129405027,30.614
2584,17.47893240517378,19.54247005
2585,19.192455105841162,16.5535
2586,22.720630005985498,29.2425
2587,18.193144961476328,23.7435
2588,28.91172796165943,36.17521875
2589,26.816343343496328,22.6935
2590,20.64799371343851,27.5625
2591,26.67178354582191,28.6465
2592,18.721289866924288,15.02405
2593,25.243402712196115,20.1205
2594,26.116008557289838,29.6205
2595,23.291190483689313,22.569000000000003
2596,25.103067867130044,26.2805
2597,27.77067342472077,30.27
2598,28.926406443297864,17.6885
2599,20.55126259323955,16.7255
2600,27.685580296248197,31.4355
2601,28.081836571931838,26.9805
2602,29.726490700125694,30.406
2603,25.309404220759873,20.787
2604,29.92314102703333,32.8335
2605,27.660998082906012,34.5535
2606,24.721294507592916,23.3515
2607,29.96956015700102,29.566
2608,21.0657732629776,17.725
2609,26.515530407696964,23.36
2610,28.077707557111978,35.7195
2611,31.10611299771071,35.6045
2612,23.4890289632082,25.9691889
2613,23.684590765208007,20.378
2614,17.910327740848068,22.272
2615,28.09496528929472,36.619
2616,21.18928209590912,24.443
2617,20.76779787176848,26.5975
2618,23.460491161048417,29.592
2619,21.297282216340307,15.82024
2620,28.812672195047142,29.3395
2621,24.779060126006605,29.009
2622,16.48660357987881,15.9695
2623,19.23021769535542,17.8915
2624,26.7206933683753,34.138000000000005
2625,26.853072756826883,29.2125
2626,29.773961455851797,17.5485
2627,24.245911695897583,21.239
2628,29.579425450205804,28.7325
2629,22.04379259812832,16.892
2630,29.643696388661866,29.897
2631,24.980389265060424,25.89105
2632,17.65082340282202,10.600472199999999
2633,25.782296339869504,26.9895
2634,27.438843063920736,25.7575
2635,19.969591781646017,26.4625
2636,31.12345190802217,35.241
2637,29.63065253934264,32.1685
2638,23.849533653020863,24.2745
2639,24.113192835271363,33.702
2640,17.276540570616724,29.429000000000002
2641,28.144281002491716,35.1935
2642,20.38670345658064,14.86555
2643,28.05982991921902,24.6775
2644,25.456366153061396,16.7175
2645,22.60682195943594,21.003
2646,31.49367214387655,29.918000000000003
2647,19.82365564569831,17.76383335
2648,20.122369019895793,18.727
2649,22.143508859515194,20.4435
2650,22.433554623514418,22.877
2651,23.735234847784042,26.938000000000002
2652,30.940240251332526,31.3595
2653,31.211327232360844,33.943000000000005
2654,19.308001102328305,23.2685
2655,23.31583173567057,24.5315
2656,20.737252755880355,19.9835
2657,21.239343171924354,25.406999999999996
2658,27.167449819952253,24.489
2659,23.701981334328657,32.6865
2660,20.88922559267283,17.5335
2661,20.15470743444562,17.21505
2662,23.33899333176017,25.3705
2663,25.13164994826913,32.03465625
2664,20.07730408871174,22.8645
2665,26.822335765361785,20.29045
2666,27.63313553518057,26.1705
2667,23.337233242332935,23.689
2668,29.468344250798225,26.741999999999997
2669,23.7969449852705,28.1582
2670,21.680612719982868,18.9505
2671,21.13136150106788,18.602
2672,30.587790645837785,32.593
2673,28.299582142561675,28.763
2674,28.899407335668805,25.2875
2675,22.734788209617143,24.80539135
2676,24.913387789547443,24.016
2677,23.617696297228342,24.5965
2678,27.865153696805244,31.338
2679,29.33761056441069,24.5095
2680,27.585889864265923,24.72916665
2681,20.199447653114795,12.006835699999998
2682,26.714557039827113,21.524
2683,28.233993904471397,39.6325
2684,26.565170833408835,18.12355
2685,18.798556685805323,18.00816665
2686,24.6615658544302,22.5
2687,26.071711128413682,26.1695
2688,26.972559582471852,20.50605
2689,25.190367564737798,29.29435715
2690,20.756115601062774,28.639
2691,23.843755246222024,26.7905
2692,29.952708315461877,38.1345
2693,21.11802245855332,26.759
2694,21.29925632083416,20.6111625
2695,31.401785881996155,21.705
2696,23.527300760984424,23.1005
2697,27.452255904734137,29.2955
2698,25.85182909703255,28.36
2699,25.253586877435446,30.14026665
2700,21.153275905907158,27.0235
2701,24.80077527543903,19.1465
2702,18.30727403062582,7.809589999999999
2703,30.054590556919578,32.6345
2704,21.036098967015747,27.7495
2705,21.409178886950016,20.969
2706,24.675403035461905,21.761105399999998
2707,26.508774173438553,21.9425
2708,24.220672677695752,26.974
2709,29.615040509223938,24.805999999999997
2710,25.564104289531713,20.3004
2711,26.70623259171844,26.311999999999998
2712,21.443059685945514,-6.0460625
2713,27.48083429595828,32.7765
2714,27.550621657252314,28.89207145
2715,24.539813421010976,25.366999999999997
2716,17.654900758832696,15.6035
2717,30.452459325432777,25.903000000000002
2718,18.693652404010294,12.53275
2719,24.864013037711388,23.531999999999996
2720,26.72811747723818,25.548000000000002
2721,28.036373129934077,35.809
